Автор,Потенциально опасный PR автора,Тип исходного вредоносного вклада,Исходный вредоносный вклад,Комментарий к исходному вредоносному вкладу
AlexTrushkovsky,https://github.com/AlexTrushkovsky/NoWarDDoS/pull/86,DDoS,https://github.com/AlexTrushkovsky/NoWarDDoS,"На репозиторий жаловались много раз, и гитхаб выкосил репу. Автор написал, что гитхаб поддерживает русских и репа опять появилась. "
metastck,https://github.com/metastck/putler-doser/pull/2,DDoS,https://github.com/metastck/putler-doser,Досилка
alexmon1989,https://github.com/alexmon1989/russia_ddos/pull/29,DDoS,https://github.com/alexmon1989/russia_ddos,Досилка
alexmon1989,https://github.com/alexmon1989/russia_ddos/pull/34,DDoS,https://github.com/alexmon1989/russia_ddos,Досилка
timespace42,https://github.com/SlenkyDev/StopRussia.net.ua/pull/17,DDoS,https://github.com/seriascraper/DDoS-Russia-App/commit/a59430c8db86fdc73ed42eb47f4234dfcbdc1f89,HTML DDoS from https://pwned.space site of RU resources in background
timespace42,https://github.com/SlenkyDev/StopRussia.net.ua/pull/18,DDoS,https://github.com/seriascraper/DDoS-Russia-App/commit/a59430c8db86fdc73ed42eb47f4234dfcbdc1f89,HTML DDoS from https://pwned.space site of RU resources in background
vnestoruk,https://github.com/Laravel-Lang/lang/pull/2190,DDoS,https://github.com/vnestoruk/ban-dera,"Сервис, который ддосит сайты из списка с компьютеров пользователей, у кого открыта вкладка с сайтом. Я думаю, стоит подробно описать как жаловаться на авторов подобных дистрибутивов или патчей."
vnestoruk,https://github.com/vnestoruk/ban-dera/pull/11,DDoS,https://github.com/vnestoruk/ban-dera,"Сервис, который ддосит сайты из списка с компьютеров пользователей, у кого открыта вкладка с сайтом. Я думаю, стоит подробно описать как жаловаться на авторов подобных дистрибутивов или патчей."
vnestoruk,https://github.com/vnestoruk/ban-dera/pull/14,DDoS,https://github.com/vnestoruk/ban-dera,"Сервис, который ддосит сайты из списка с компьютеров пользователей, у кого открыта вкладка с сайтом. Я думаю, стоит подробно описать как жаловаться на авторов подобных дистрибутивов или патчей."
vnestoruk,https://github.com/vnestoruk/ban-dera/pull/26,DDoS,https://github.com/vnestoruk/ban-dera,"Сервис, который ддосит сайты из списка с компьютеров пользователей, у кого открыта вкладка с сайтом. Я думаю, стоит подробно описать как жаловаться на авторов подобных дистрибутивов или патчей."
pauldb09,https://github.com/Deivu/Shoukaku/pull/86,DDoS,https://github.com/pauldb09/Dddos/commit/7d9bcbec25c58081b0df8a582acb5fd0bf2d4b67,DDoS tool with ability to bypass Cloudflare
pauldb09,https://github.com/GreenBotDeveloppement/Green-bot/pull/97,DDoS,https://github.com/pauldb09/Dddos/commit/7d9bcbec25c58081b0df8a582acb5fd0bf2d4b67,DDoS tool with ability to bypass Cloudflare
pauldb09,https://github.com/GreenBotDeveloppement/GreenBotSupport/pull/1,DDoS,https://github.com/pauldb09/Dddos/commit/7d9bcbec25c58081b0df8a582acb5fd0bf2d4b67,DDoS tool with ability to bypass Cloudflare
pauldb09,https://github.com/GreenBotDeveloppement/GreenBotSupport/pull/2,DDoS,https://github.com/pauldb09/Dddos/commit/7d9bcbec25c58081b0df8a582acb5fd0bf2d4b67,DDoS tool with ability to bypass Cloudflare
webgtx,https://github.com/webgtx/USPACE/pull/1,DDoS,https://github.com/dxh-team/CDUW/commit/e2ae41c9315e1de2c32a1b0983f7c897e342d96f,ПО для атак ресурсов РФ на базе Hammer Dos Script
zozulinskyi,https://github.com/zozulinskyi/russia-must-be-stopped/pull/3,DDoS,https://github.com/zozulinskyi/russia-must-be-stopped/commits/main,"Скрипт, встраиваемый в браузер и превращающий его в своеобразного ""зомби"" в бот-сети. Также, в репе лежит 2 текстовых файла со списками url-жертв."
zozulinskyi,https://github.com/zozulinskyi/russia-must-be-stopped/pull/4,DDoS,https://github.com/zozulinskyi/russia-must-be-stopped/commits/main,"Скрипт, встраиваемый в браузер и превращающий его в своеобразного ""зомби"" в бот-сети. Также, в репе лежит 2 текстовых файла со списками url-жертв."
zozulinskyi,https://github.com/zozulinskyi/russia-must-be-stopped/pull/5,DDoS,https://github.com/zozulinskyi/russia-must-be-stopped/commits/main,"Скрипт, встраиваемый в браузер и превращающий его в своеобразного ""зомби"" в бот-сети. Также, в репе лежит 2 текстовых файла со списками url-жертв."
zozulinskyi,https://github.com/zozulinskyi/russia-must-be-stopped/pull/6,DDoS,https://github.com/zozulinskyi/russia-must-be-stopped/commits/main,"Скрипт, встраиваемый в браузер и превращающий его в своеобразного ""зомби"" в бот-сети. Также, в репе лежит 2 текстовых файла со списками url-жертв."
zozulinskyi,https://github.com/zozulinskyi/russia-must-be-stopped/pull/7,DDoS,https://github.com/zozulinskyi/russia-must-be-stopped/commits/main,"Скрипт, встраиваемый в браузер и превращающий его в своеобразного ""зомби"" в бот-сети. Также, в репе лежит 2 текстовых файла со списками url-жертв."
almerico,https://github.com/almerico/bombardier/pull/35,DDoS,https://github.com/almerico/bombardier,Организация DoS-атак на инфраструктуру России: Госуслуги и проч.
almerico,https://github.com/almerico/bombardier/pull/36,DDoS,https://github.com/almerico/bombardier,Организация DoS-атак на инфраструктуру России: Госуслуги и проч.
almerico,https://github.com/almerico/bombardier/pull/37,DDoS,https://github.com/almerico/bombardier,Организация DoS-атак на инфраструктуру России: Госуслуги и проч.
almerico,https://github.com/almerico/bombardier/pull/42,DDoS,https://github.com/almerico/bombardier,Организация DoS-атак на инфраструктуру России: Госуслуги и проч.
almerico,https://github.com/almerico/bombardier/pull/45,DDoS,https://github.com/almerico/bombardier,Организация DoS-атак на инфраструктуру России: Госуслуги и проч.
almerico,https://github.com/almerico/bombardier/pull/46,DDoS,https://github.com/almerico/bombardier,Организация DoS-атак на инфраструктуру России: Госуслуги и проч.
alexander-danilenko,https://github.com/porthole-ascend-cinnamon/mhddos_proxy/pull/77,DDoS,https://github.com/alexander-danilenko/ua-loadtest/commit/ce994b94bf8cc67fd04914d08e3913bcac1c4f53,"ПО для нагрузочного тестирования, ориентированное на использования в DDoS атаках на ресурсы РФ"
Luzhnuy,https://github.com/Luzhnuy/attacker/pull/25,DDoS,https://github.com/Luzhnuy/attacker,репка с ддосом
Luzhnuy,https://github.com/Luzhnuy/attacker/pull/26,DDoS,https://github.com/Luzhnuy/attacker,репка с ддосом
Luzhnuy,https://github.com/Luzhnuy/attacker/pull/27,DDoS,https://github.com/Luzhnuy/attacker,репка с ддосом
Luzhnuy,https://github.com/Luzhnuy/attacker/pull/28,DDoS,https://github.com/Luzhnuy/attacker,репка с ддосом
Luzhnuy,https://github.com/Luzhnuy/attacker/pull/29,DDoS,https://github.com/Luzhnuy/attacker,репка с ддосом
Luzhnuy,https://github.com/Luzhnuy/attacker/pull/30,DDoS,https://github.com/Luzhnuy/attacker,репка с ддосом
Luzhnuy,https://github.com/Luzhnuy/attacker/pull/31,DDoS,https://github.com/Luzhnuy/attacker,репка с ддосом
Luzhnuy,https://github.com/Luzhnuy/attacker/pull/32,DDoS,https://github.com/Luzhnuy/attacker,репка с ддосом
Luzhnuy,https://github.com/Luzhnuy/attacker/pull/33,DDoS,https://github.com/Luzhnuy/attacker,репка с ддосом
Luzhnuy,https://github.com/Luzhnuy/attacker/pull/34,DDoS,https://github.com/Luzhnuy/attacker,репка с ддосом
0x77dev,https://github.com/dstack-js/dstack/pull/110,DDoS,https://github.com/0x77dev/stoprussia,"Набор инструментов для атак инфраструктуры РФ - доставка еды, транспорт, гос.ресурсы, различных коммерческих компаний"
0x77dev,https://github.com/dstack-js/dstack/pull/111,DDoS,https://github.com/0x77dev/stoprussia,"Набор инструментов для атак инфраструктуры РФ - доставка еды, транспорт, гос.ресурсы, различных коммерческих компаний"
0x77dev,https://github.com/dstack-js/dstack/pull/112,DDoS,https://github.com/0x77dev/stoprussia,"Набор инструментов для атак инфраструктуры РФ - доставка еды, транспорт, гос.ресурсы, различных коммерческих компаний"
0x77dev,https://github.com/dstack-js/dstack/pull/113,DDoS,https://github.com/0x77dev/stoprussia,"Набор инструментов для атак инфраструктуры РФ - доставка еды, транспорт, гос.ресурсы, различных коммерческих компаний"
0x77dev,https://github.com/dstack-js/dstack/pull/114,DDoS,https://github.com/0x77dev/stoprussia,"Набор инструментов для атак инфраструктуры РФ - доставка еды, транспорт, гос.ресурсы, различных коммерческих компаний"
0x77dev,https://github.com/dstack-js/dstack/pull/115,DDoS,https://github.com/0x77dev/stoprussia,"Набор инструментов для атак инфраструктуры РФ - доставка еды, транспорт, гос.ресурсы, различных коммерческих компаний"
ajax-lives,https://github.com/ajax-lives/NoRussian/pull/77,DDoS,https://github.com/ajax-lives/NoRussian,Досилка
ajax-lives,https://github.com/ajax-lives/NoRussian/pull/80,DDoS,https://github.com/ajax-lives/NoRussian,Досилка
ApocalypseCalculator,https://github.com/ApocalypseCalculator/Feck/pull/59,DDoS,https://github.com/ApocalypseCalculator/SlavaUkraini/commit/eee435955849ed04d064e29a60c45f0f2ece48d5,DDOS tool against RU resources
ApocalypseCalculator,https://github.com/ApocalypseCalculator/Feck/pull/60,DDoS,https://github.com/ApocalypseCalculator/SlavaUkraini/commit/eee435955849ed04d064e29a60c45f0f2ece48d5,DDOS tool against RU resources
ApocalypseCalculator,https://github.com/ApocalypseCalculator/Feck/pull/61,DDoS,https://github.com/ApocalypseCalculator/SlavaUkraini/commit/eee435955849ed04d064e29a60c45f0f2ece48d5,DDOS tool against RU resources
ApocalypseCalculator,https://github.com/ApocalypseCalculator/Feck/pull/62,DDoS,https://github.com/ApocalypseCalculator/SlavaUkraini/commit/eee435955849ed04d064e29a60c45f0f2ece48d5,DDOS tool against RU resources
ApocalypseCalculator,https://github.com/ApocalypseCalculator/Feck/pull/63,DDoS,https://github.com/ApocalypseCalculator/SlavaUkraini/commit/eee435955849ed04d064e29a60c45f0f2ece48d5,DDOS tool against RU resources
ApocalypseCalculator,https://github.com/ApocalypseCalculator/Feck/pull/64,DDoS,https://github.com/ApocalypseCalculator/SlavaUkraini/commit/eee435955849ed04d064e29a60c45f0f2ece48d5,DDOS tool against RU resources
ApocalypseCalculator,https://github.com/ApocalypseCalculator/Feck/pull/65,DDoS,https://github.com/ApocalypseCalculator/SlavaUkraini/commit/eee435955849ed04d064e29a60c45f0f2ece48d5,DDOS tool against RU resources
ApocalypseCalculator,https://github.com/ApocalypseCalculator/Feck/pull/66,DDoS,https://github.com/ApocalypseCalculator/SlavaUkraini/commit/eee435955849ed04d064e29a60c45f0f2ece48d5,DDOS tool against RU resources
ApocalypseCalculator,https://github.com/ApocalypseCalculator/Feck/pull/67,DDoS,https://github.com/ApocalypseCalculator/SlavaUkraini/commit/eee435955849ed04d064e29a60c45f0f2ece48d5,DDOS tool against RU resources
rameerez,https://github.com/rameerez/embargoed-list/pull/3,IP Blocker,https://github.com/rameerez/embargoed-list/blob/main/README.md,"List of all language-specific versions of embargoed, software to block all requests from Russia to any website and display a pro-Ukraine message instead"
rameerez,https://github.com/rameerez/embargoed-list/pull/4,IP Blocker,https://github.com/rameerez/embargoed-list/blob/main/README.md,"List of all language-specific versions of embargoed, software to block all requests from Russia to any website and display a pro-Ukraine message instead"
rameerez,https://github.com/rameerez/embargoed-list/pull/5,IP Blocker,https://github.com/rameerez/embargoed-list/blob/main/README.md,"List of all language-specific versions of embargoed, software to block all requests from Russia to any website and display a pro-Ukraine message instead"
rameerez,https://github.com/rameerez/embargoed-list/pull/6,IP Blocker,https://github.com/rameerez/embargoed-list/blob/main/README.md,"List of all language-specific versions of embargoed, software to block all requests from Russia to any website and display a pro-Ukraine message instead"
OB42,https://github.com/kkoooqq/fakebrowser/pull/55,IP Blocker,https://github.com/OB42/RussianBlocker/commit/10e0ab31f0e0f8372fb24d32544e7e4867d3f688,"Detect Russian and Belarussian visitors to block or alert them to protest the war in Ukraine(works by checking timezone and languages as this is the easiest way to do it unlimitedly for free on the frontend, should work 9 times out of 10, except for a few russians near the border) "
Riceblade,https://github.com/Strqtz/strqtzbot/pull/40,IP Blocker,https://github.com/Riceblade/Russia-Blocker/commit/ec9b3cd026f28f592c1cf3620da799e6f4f914ec,Automatically redirects Russian connections to ukrainian charities
SergeyOcheretenko,https://github.com/SergeyOcheretenko/EnzimAgroBot/pull/22,Spam,https://github.com/SergeyOcheretenko/StopWarBot/commit/152d9a0f06625475d913633452c41779a1f9f25b,Бот для рассылки пропагандистского спама
SergeyOcheretenko,https://github.com/SergeyOcheretenko/EnzimAgroBot/pull/23,Spam,https://github.com/SergeyOcheretenko/StopWarBot/commit/152d9a0f06625475d913633452c41779a1f9f25b,Бот для рассылки пропагандистского спама
SergeyOcheretenko,https://github.com/SergeyOcheretenko/LearningProgramming/pull/48,Spam,https://github.com/SergeyOcheretenko/StopWarBot/commit/152d9a0f06625475d913633452c41779a1f9f25b,Бот для рассылки пропагандистского спама
SergeyOcheretenko,https://github.com/SergeyOcheretenko/LearningProgramming/pull/49,Spam,https://github.com/SergeyOcheretenko/StopWarBot/commit/152d9a0f06625475d913633452c41779a1f9f25b,Бот для рассылки пропагандистского спама
SergeyOcheretenko,https://github.com/SergeyOcheretenko/LearningProgramming/pull/50,Spam,https://github.com/SergeyOcheretenko/StopWarBot/commit/152d9a0f06625475d913633452c41779a1f9f25b,Бот для рассылки пропагандистского спама
KickflipCli,https://github.com/KickflipCli/kickflip-src/pull/52,Spam,https://github.com/KickflipCli/kickflip-src,"Генератор фейковых сайтов по шаблону с ключевыми словами и призывами (одного мейнтейнера уже забанили за национальную рознь, другой продолжает работу)"
KickflipCli,https://github.com/KickflipCli/kickflip-src/pull/65,Spam,https://github.com/KickflipCli/kickflip-src,"Генератор фейковых сайтов по шаблону с ключевыми словами и призывами (одного мейнтейнера уже забанили за национальную рознь, другой продолжает работу)"
KickflipCli,https://github.com/KickflipCli/kickflip-src/pull/66,Spam,https://github.com/KickflipCli/kickflip-src,"Генератор фейковых сайтов по шаблону с ключевыми словами и призывами (одного мейнтейнера уже забанили за национальную рознь, другой продолжает работу)"
KickflipCli,https://github.com/KickflipCli/kickflip-src/pull/67,Spam,https://github.com/KickflipCli/kickflip-src,"Генератор фейковых сайтов по шаблону с ключевыми словами и призывами (одного мейнтейнера уже забанили за национальную рознь, другой продолжает работу)"
evermade,https://github.com/evermade/support-ukraine-banner-plugin/pull/1,Баннеры,https://github.com/evermade/support-ukraine-banner,Репозиторий для распространения политических баннеров
ukraine-not-war,https://github.com/ukraine-not-war/stop-war/pull/4,Баннеры,https://github.com/ukraine-not-war/stop-war,Widget для пропаганды
ukraine-not-war,https://github.com/ukraine-not-war/stop-war/pull/5,Баннеры,https://github.com/ukraine-not-war/stop-war,Widget для пропаганды
vshymanskyy,https://github.com/blynkkk/blynk-library/pull/551,Баннеры,https://github.com/vshymanskyy/StandWithUkraine#projects-that-standwithukraine,"Список github проектов, разместивших у себя баннер #StandWithUkraine
Удобно искать так: https://github.com/search?l=Markdown&q=SWUbanner&type=Code"
vshymanskyy,https://github.com/blynkkk/blynk-library/pull/560,Баннеры,https://github.com/vshymanskyy/StandWithUkraine#projects-that-standwithukraine,"Список github проектов, разместивших у себя баннер #StandWithUkraine
Удобно искать так: https://github.com/search?l=Markdown&q=SWUbanner&type=Code"
vshymanskyy,https://github.com/blynkkk/blynk-library/pull/563,Баннеры,https://github.com/vshymanskyy/StandWithUkraine#projects-that-standwithukraine,"Список github проектов, разместивших у себя баннер #StandWithUkraine
Удобно искать так: https://github.com/search?l=Markdown&q=SWUbanner&type=Code"
vshymanskyy,https://github.com/blynkkk/blynk-library/pull/564,Баннеры,https://github.com/vshymanskyy/StandWithUkraine#projects-that-standwithukraine,"Список github проектов, разместивших у себя баннер #StandWithUkraine
Удобно искать так: https://github.com/search?l=Markdown&q=SWUbanner&type=Code"
vshymanskyy,https://github.com/vshymanskyy/StandWithUkraine/pull/137,Баннеры,https://github.com/vshymanskyy/StandWithUkraine#projects-that-standwithukraine,"Список github проектов, разместивших у себя баннер #StandWithUkraine
Удобно искать так: https://github.com/search?l=Markdown&q=SWUbanner&type=Code"
filipe-freire,https://github.com/denodrivers/deno_mongo/pull/351,Баннеры,https://github.com/filipe-freire/hands-off-ukraine-banner/commit/5a1fa52f04022971fdcc738d4b1d58c9371c1769,Репозиторий для распространения политических баннеров
filipe-freire,https://github.com/filipe-freire/BandTracker/pull/15,Баннеры,https://github.com/filipe-freire/hands-off-ukraine-banner/commit/5a1fa52f04022971fdcc738d4b1d58c9371c1769,Репозиторий для распространения политических баннеров
filipe-freire,https://github.com/filipe-freire/BandTracker/pull/16,Баннеры,https://github.com/filipe-freire/hands-off-ukraine-banner/commit/5a1fa52f04022971fdcc738d4b1d58c9371c1769,Репозиторий для распространения политических баннеров
core-hacked,https://github.com/timdorr/tesla-api/pull/578,Баннеры,https://github.com/core-hacked/in-solidarity-with-ukraine/commit/60af44e10440e5fed49aea4e80d84530e46c6ab8,"A simple repository with HTML/CSS Ukraine flag and ""stop war"" text on it."
core-hacked,https://github.com/timdorr/tesla-api/pull/579,Баннеры,https://github.com/core-hacked/in-solidarity-with-ukraine/commit/60af44e10440e5fed49aea4e80d84530e46c6ab8,"A simple repository with HTML/CSS Ukraine flag and ""stop war"" text on it."
Intervention,https://github.com/Intervention/image/pull/1154,Блокировка доступа по IP,https://github.com/Intervention,"Сайт с документацией не открывается с Российских IP, отображая сообщение про войну."
zkochan,https://github.com/pnpm/components/pull/1,Блокировка доступа по IP,https://github.com/pnpm/pnpm/commit/3c328ec465c597ff558c1f38afbfe2a0c1b02a83,Заблокирован доступ на сайт https://pnpm.io и к документации для IP РФ. Основной мейнтейнер - украинец
zkochan,https://github.com/teambit/bit/pull/5853,Блокировка доступа по IP,https://github.com/pnpm/pnpm/commit/3c328ec465c597ff558c1f38afbfe2a0c1b02a83,Заблокирован доступ на сайт https://pnpm.io и к документации для IP РФ. Основной мейнтейнер - украинец
zkochan,https://github.com/yarnpkg/berry/pull/4484,Блокировка доступа по IP,https://github.com/pnpm/pnpm/commit/3c328ec465c597ff558c1f38afbfe2a0c1b02a83,Заблокирован доступ на сайт https://pnpm.io и к документации для IP РФ. Основной мейнтейнер - украинец
soketi,https://github.com/soketi/network-watcher/pull/142,Блокировка доступа по IP,https://github.com/soketi/soketi,WebSockets server. Добавили #StandWithUkraine в репозитории и заблокировали доступ по IP из РФ к сайту soketi.app
soketi,https://github.com/soketi/network-watcher/pull/143,Блокировка доступа по IP,https://github.com/soketi/soketi,WebSockets server. Добавили #StandWithUkraine в репозитории и заблокировали доступ по IP из РФ к сайту soketi.app
soketi,https://github.com/soketi/soketi/pull/497,Блокировка доступа по IP,https://github.com/soketi/soketi,WebSockets server. Добавили #StandWithUkraine в репозитории и заблокировали доступ по IP из РФ к сайту soketi.app
hanna-kn,https://github.com/Qalculate/libqalculate/pull/429,Дискриминация,https://github.com/Qalculate/qalculate-gtk/commit/74c7413429b386f08028565f16f537204217b456,"Remove flags for RUB and BYR/BYN, and show UAH flag when first using the new version; 
Ничего серьезного, но раздражает. Версия с этим коммитом уже в репозиториях arch. Работает не только в РФ/БР, а вообще у всех."
hanna-kn,https://github.com/Qalculate/libqalculate/pull/437,Дискриминация,https://github.com/Qalculate/qalculate-gtk/commit/74c7413429b386f08028565f16f537204217b456,"Remove flags for RUB and BYR/BYN, and show UAH flag when first using the new version; 
Ничего серьезного, но раздражает. Версия с этим коммитом уже в репозиториях arch. Работает не только в РФ/БР, а вообще у всех."
hanna-kn,https://github.com/Qalculate/qalculate-gtk/pull/412,Дискриминация,https://github.com/Qalculate/qalculate-gtk/commit/74c7413429b386f08028565f16f537204217b456,"Remove flags for RUB and BYR/BYN, and show UAH flag when first using the new version; 
Ничего серьезного, но раздражает. Версия с этим коммитом уже в репозиториях arch. Работает не только в РФ/БР, а вообще у всех."
giuspen,https://github.com/giuspen/cherrytree/pull/2029,Замена флага,https://github.com/giuspen/cherrytree/commit/66d69523239c98ada36d93f841615370a1517c48,"Под эгидой добавления новых пиктограмм для веток заметок запилил первым в списке жовто-блакитное сердечко и заменил российский флаг сначала на украинский, потом на бело-сине-белый флаг, придуманный нам западными кураторами на манер БЧБ в Беларуси. Автор - итальянец, живущий в Британии, жена из Украины. Годный продукт, но теперь стрёмно им пользоваться, вдруг начнёт базы портить, если локаль русская"
online-go,https://github.com/online-go/goban/pull/73,Изменение лого,https://github.com/online-go/online-go.com,Логотип перекрашен в цвета флага Украины
online-go,https://github.com/online-go/online-go.com/pull/1868,Изменение лого,https://github.com/online-go/online-go.com,Логотип перекрашен в цвета флага Украины
online-go,https://github.com/online-go/online-go.com/pull/1870,Изменение лого,https://github.com/online-go/online-go.com,Логотип перекрашен в цвета флага Украины
online-go,https://github.com/online-go/online-go.com/pull/1877,Изменение лого,https://github.com/online-go/online-go.com,Логотип перекрашен в цвета флага Украины
tarampampam,https://github.com/gacts/docker-image-exists/pull/1,Изменение лого,https://github.com/tarampampam/random-user-agent/commit/fb9f595306a0e149a248c080859749b6d549be90,Иконки перекрашены в цвета флага Украины
edgedb,https://github.com/edgedb/edgedb/pull/3892,Изменение лого,https://github.com/edgedb,"Смена логотипа в репозитории, пропаганда в twitter https://twitter.com/edgedatabase/status/1499842655840190468 "
edgedb,https://github.com/edgedb/edgedb/pull/3894,Изменение лого,https://github.com/edgedb,"Смена логотипа в репозитории, пропаганда в twitter https://twitter.com/edgedatabase/status/1499842655840190468 "
edgedb,https://github.com/edgedb/edgedb/pull/3895,Изменение лого,https://github.com/edgedb,"Смена логотипа в репозитории, пропаганда в twitter https://twitter.com/edgedatabase/status/1499842655840190468 "
RIAEvangelist,https://github.com/RIAEvangelist/node-ipc/pull/603,Малварь,https://github.com/RIAEvangelist/peacenotwar,Сама библиотека удаляющая файловую систему по IP из России и Белоруссии
RIAEvangelist,https://github.com/RIAEvangelist/peacenotwar/pull/91,Малварь,https://github.com/RIAEvangelist/peacenotwar,Сама библиотека удаляющая файловую систему по IP из России и Белоруссии
medikoo,https://github.com/serverless/runtime/pull/51,Малварь,https://github.com/medikoo/es5-ext/commit/28de285ed433b45113f01e4ce7c74e9a356b2af2,"Коллеги, обращаем внимание, что  популярная библиотека https://www.npmjs.com/package/es5-ext которая не обновлялась до этого 2 года начала получать регулярные обновления которые содержат как негативную пропаганду, так и код по таймзоне увеличивающий утилизацию ресурсов
Смотреть файл - _postinstall.js"
medikoo,https://github.com/serverless/runtime/pull/52,Малварь,https://github.com/medikoo/es5-ext/commit/28de285ed433b45113f01e4ce7c74e9a356b2af2,"Коллеги, обращаем внимание, что  популярная библиотека https://www.npmjs.com/package/es5-ext которая не обновлялась до этого 2 года начала получать регулярные обновления которые содержат как негативную пропаганду, так и код по таймзоне увеличивающий утилизацию ресурсов
Смотреть файл - _postinstall.js"
medikoo,https://github.com/serverless/runtime/pull/53,Малварь,https://github.com/medikoo/es5-ext/commit/28de285ed433b45113f01e4ce7c74e9a356b2af2,"Коллеги, обращаем внимание, что  популярная библиотека https://www.npmjs.com/package/es5-ext которая не обновлялась до этого 2 года начала получать регулярные обновления которые содержат как негативную пропаганду, так и код по таймзоне увеличивающий утилизацию ресурсов
Смотреть файл - _postinstall.js"
medikoo,https://github.com/serverless/serverless/pull/11106,Малварь,https://github.com/medikoo/es5-ext/commit/28de285ed433b45113f01e4ce7c74e9a356b2af2,"Коллеги, обращаем внимание, что  популярная библиотека https://www.npmjs.com/package/es5-ext которая не обновлялась до этого 2 года начала получать регулярные обновления которые содержат как негативную пропаганду, так и код по таймзоне увеличивающий утилизацию ресурсов
Смотреть файл - _postinstall.js"
YetiForceCompany,https://github.com/YetiForceCompany/YetiForceCRM/pull/16094,Отказ в обслуживании,https://github.com/YetiForceCompany/YetiForceCRM/discussions/15786,Дали на халяву все платные фичи компаниям из Украины. Обещали в последующих обновлениях (версии выше 6.3) запретить использование компаниям из РФ.
YetiForceCompany,https://github.com/YetiForceCompany/YetiForceCRM/pull/16095,Отказ в обслуживании,https://github.com/YetiForceCompany/YetiForceCRM/discussions/15786,Дали на халяву все платные фичи компаниям из Украины. Обещали в последующих обновлениях (версии выше 6.3) запретить использование компаниям из РФ.
YetiForceCompany,https://github.com/YetiForceCompany/YetiForceCRM/pull/16096,Отказ в обслуживании,https://github.com/YetiForceCompany/YetiForceCRM/discussions/15786,Дали на халяву все платные фичи компаниям из Украины. Обещали в последующих обновлениях (версии выше 6.3) запретить использование компаниям из РФ.
YetiForceCompany,https://github.com/YetiForceCompany/YetiForceCRM/pull/16097,Отказ в обслуживании,https://github.com/YetiForceCompany/YetiForceCRM/discussions/15786,Дали на халяву все платные фичи компаниям из Украины. Обещали в последующих обновлениях (версии выше 6.3) запретить использование компаниям из РФ.
YetiForceCompany,https://github.com/YetiForceCompany/YetiForceCRM/pull/16098,Отказ в обслуживании,https://github.com/YetiForceCompany/YetiForceCRM/discussions/15786,Дали на халяву все платные фичи компаниям из Украины. Обещали в последующих обновлениях (версии выше 6.3) запретить использование компаниям из РФ.
burgua,https://github.com/burgua/yandex_search_in_chrome/pull/2,Политические лозунги,https://github.com/burgua/yandex_search_in_chrome/blob/master/code.js#L3,Аддон открывает видео Ильи Яшина на ютубе. До этого открывал видео Каца
litded,https://github.com/litded/wireguard-vpn/pull/1,Политические лозунги,https://github.com/litded/wireguard-vpn,Плашка с агитацией при браузинге
trntv,https://github.com/trntv/sshed/pull/15,Политические лозунги,https://github.com/yii-starter-kit/yii2-starter-kit/commit/cfc03ed42cd3dffb7c4b4ee4d081615024bffde7,политические лозунги
jaamo,https://github.com/evermade/support-ukraine-banner-plugin/pull/1,Политические лозунги,https://github.com/evermade/support-ukraine-banner/commit/38d2bd5cd898452576de53055f48aa82d235b63e,PHP_CodeSniffer rule adding non-collapsable comment calling out to Stop The War 
arendst,https://github.com/arendst/Tasmota/pull/15681,Политические лозунги,https://github.com/arendst/Tasmota/commit/b4f99bb74704e4a5f85b7ba9e03b126bf1c43320,"Убрали малварь из кода прошивки, но в Readme репозитория осталась ссылка на призывы"
hperrin,https://github.com/hperrin/svelte-material-ui/pull/432,Политические лозунги,https://github.com/hperrin/svelte-material-ui,На сайте https://sveltematerialui.com/ плашка с лозунгом
hperrin,https://github.com/hperrin/svelte-material-ui/pull/437,Политические лозунги,https://github.com/hperrin/svelte-material-ui,На сайте https://sveltematerialui.com/ плашка с лозунгом
hperrin,https://github.com/hperrin/svelte-material-ui/pull/438,Политические лозунги,https://github.com/hperrin/svelte-material-ui,На сайте https://sveltematerialui.com/ плашка с лозунгом
hperrin,https://github.com/sciactive/itmatters/pull/1,Политические лозунги,https://github.com/hperrin/svelte-material-ui,На сайте https://sveltematerialui.com/ плашка с лозунгом
fmtlib,https://github.com/fmtlib/fmt/pull/2904,Политические лозунги,https://github.com/fmtlib/fmt,"Политические лозунги, логотип, сбор денег. Что характерно, до 1 марта Зверович агитировал за белорусских нациков, видимо работодатель заставил перевесить. "
vasylnahuliak,https://github.com/DefinitelyTyped/DefinitelyTyped/pull/59272,Политические лозунги,https://github.com/facebook/react/pull/23375/commits/11e414ce6c67dc6c3c7e8cf4146af5c39c9c93ea,В документации полит. лозунг
aslakhellesoy,https://github.com/cucumber/language-service/pull/50,Политические лозунги,https://github.com/cucumber/cucumber-js/commit/94458aaf07146ee3069e3b2d536ca773e5faec54,Cucumber (NPM package '@cucumber/cucumber') - added StandWithUkraine banner in в README.md
voku,https://github.com/phpstan/phpstan/pull/7222,Политические лозунги,https://github.com/voku/portable-ascii/commit/377ab19df364e512cb6e49b8c7d026f5b550ac92,"Все пакеты в packagist от пользователя voku: https://packagist.org/packages/voku/.
Конкретно у этого более 66 млн. инсталляций"
voku,https://github.com/voku/phpstan-rules/pull/11,Политические лозунги,https://github.com/voku/portable-ascii/commit/377ab19df364e512cb6e49b8c7d026f5b550ac92,"Все пакеты в packagist от пользователя voku: https://packagist.org/packages/voku/.
Конкретно у этого более 66 млн. инсталляций"
voku,https://github.com/voku/phpstan-rules/pull/13,Политические лозунги,https://github.com/voku/portable-ascii/commit/377ab19df364e512cb6e49b8c7d026f5b550ac92,"Все пакеты в packagist от пользователя voku: https://packagist.org/packages/voku/.
Конкретно у этого более 66 млн. инсталляций"
voku,https://github.com/voku/phpstan-rules/pull/14,Политические лозунги,https://github.com/voku/portable-ascii/commit/377ab19df364e512cb6e49b8c7d026f5b550ac92,"Все пакеты в packagist от пользователя voku: https://packagist.org/packages/voku/.
Конкретно у этого более 66 млн. инсталляций"
voku,https://github.com/voku/phpstan-rules/pull/15,Политические лозунги,https://github.com/voku/portable-ascii/commit/377ab19df364e512cb6e49b8c7d026f5b550ac92,"Все пакеты в packagist от пользователя voku: https://packagist.org/packages/voku/.
Конкретно у этого более 66 млн. инсталляций"
stalniy,https://github.com/stalniy/casl/pull/602,Политические лозунги,https://github.com/stalniy/casl/commit/b13c3de252b8412079b4030ff73309d65713c8d2,"Политический баннер ""Stop war in Ukraine. All truth about Russia invasion"""
stalniy,https://github.com/stalniy/casl/pull/603,Политические лозунги,https://github.com/stalniy/casl/commit/b13c3de252b8412079b4030ff73309d65713c8d2,"Политический баннер ""Stop war in Ukraine. All truth about Russia invasion"""
stalniy,https://github.com/stalniy/casl/pull/605,Политические лозунги,https://github.com/stalniy/casl/commit/b13c3de252b8412079b4030ff73309d65713c8d2,"Политический баннер ""Stop war in Ukraine. All truth about Russia invasion"""
stalniy,https://github.com/stalniy/casl/pull/618,Политические лозунги,https://github.com/stalniy/casl/commit/b13c3de252b8412079b4030ff73309d65713c8d2,"Политический баннер ""Stop war in Ukraine. All truth about Russia invasion"""
gianpaj,https://github.com/gianpaj/walnut.tv/pull/136,Политические лозунги,https://github.com/gianpaj/walnut.tv/commit/b29d08c048a1020526a8212c9cd20665c4fba980,Политические лозунги в ПО
gianpaj,https://github.com/gianpaj/walnut.tv/pull/137,Политические лозунги,https://github.com/gianpaj/walnut.tv/commit/b29d08c048a1020526a8212c9cd20665c4fba980,Политические лозунги в ПО
gianpaj,https://github.com/gianpaj/walnut.tv/pull/138,Политические лозунги,https://github.com/gianpaj/walnut.tv/commit/b29d08c048a1020526a8212c9cd20665c4fba980,Политические лозунги в ПО
gianpaj,https://github.com/TylerBrock/mongo-hacker/pull/217,Политические лозунги,https://github.com/gianpaj/walnut.tv/commit/b29d08c048a1020526a8212c9cd20665c4fba980,Политические лозунги в ПО
v1cont,https://github.com/v1cont/yad/pull/142,Политические лозунги,https://github.com/v1cont/yad/commit/e38f7fa71aa9b2dff408ae14ca7133e4fdc4b02a,"Вырезание русского языка, ""DROP K HUJAM russian translation"" (https://github.com/v1cont/yad/commit/f14f5fc497827871e314c5c7b68d12a4de827d46); Автор - Украинец, который находится в резерве сил территориальной обороны (https://github.com/v1cont/yad/issues/107#issuecomment-1062908246), ""Цели последнего выпуска были в первую очередь политическими и этическими, а не техническими. основной причиной было удаление русского перевода из yad."""
v1cont,https://github.com/v1cont/yad/pull/173,Политические лозунги,https://github.com/v1cont/yad/commit/e38f7fa71aa9b2dff408ae14ca7133e4fdc4b02a,"Вырезание русского языка, ""DROP K HUJAM russian translation"" (https://github.com/v1cont/yad/commit/f14f5fc497827871e314c5c7b68d12a4de827d46); Автор - Украинец, который находится в резерве сил территориальной обороны (https://github.com/v1cont/yad/issues/107#issuecomment-1062908246), ""Цели последнего выпуска были в первую очередь политическими и этическими, а не техническими. основной причиной было удаление русского перевода из yad."""
v1cont,https://github.com/v1cont/yad/pull/174,Политические лозунги,https://github.com/v1cont/yad/commit/e38f7fa71aa9b2dff408ae14ca7133e4fdc4b02a,"Вырезание русского языка, ""DROP K HUJAM russian translation"" (https://github.com/v1cont/yad/commit/f14f5fc497827871e314c5c7b68d12a4de827d46); Автор - Украинец, который находится в резерве сил территориальной обороны (https://github.com/v1cont/yad/issues/107#issuecomment-1062908246), ""Цели последнего выпуска были в первую очередь политическими и этическими, а не техническими. основной причиной было удаление русского перевода из yad."""
piotrmaslanka,https://github.com/MTU-AeroEngines/tcp-sniffer/pull/1,Политические лозунги,https://github.com/piotrmaslanka/yandex-conqueror/commit/a2f5d01f9a367b22dbafbcb2a9643cb73d2365a1,A tool to inform the general Russian population about what's going on in year 2022 on Ukraine via posting 5-star reviews to Yandex.
piotrmaslanka,https://github.com/smok-serwis/siege-engine/pull/5,Политические лозунги,https://github.com/piotrmaslanka/yandex-conqueror/commit/a2f5d01f9a367b22dbafbcb2a9643cb73d2365a1,A tool to inform the general Russian population about what's going on in year 2022 on Ukraine via posting 5-star reviews to Yandex.
zloirock,https://github.com/zloirock/core-js/pull/1082,Политические лозунги,https://github.com/zloirock/core-js,При установке агитация и призыв к свержению власти
jech,https://github.com/jech/babel-drafts/pull/12,Политические лозунги,https://github.com/jech/galene,На сайтах https://galene.org/ и https://galene.org:8443/group/public/ изображения и политические лозунги
jech,https://github.com/pion/srtp/pull/198,Политические лозунги,https://github.com/jech/galene,На сайтах https://galene.org/ и https://galene.org:8443/group/public/ изображения и политические лозунги
michalbundyra,https://github.com/webimpress/coding-standard/pull/167,Политические лозунги,https://github.com/laminas/laminas-servicemanager/commit/1fb805d456f4e916e5fbddad4d2349adfd2f05ba,Данный политический лозунг есть во всех пакетах laminas/ и mezzio/.
michalbundyra,https://github.com/webimpress/coding-standard/pull/168,Политические лозунги,https://github.com/laminas/laminas-servicemanager/commit/1fb805d456f4e916e5fbddad4d2349adfd2f05ba,Данный политический лозунг есть во всех пакетах laminas/ и mezzio/.
dmitryvinn,https://github.com/facebook/CacheLib/pull/121,Политические лозунги,https://github.com/facebook/create-react-app/commit/fd8c5f7b1b1d19d10d24cc2f9fdfc110585dc030,docs: add homepage banner in support of Ukraine (#12113)
dmitryvinn,https://github.com/facebookincubator/Glean/pull/103,Политические лозунги,https://github.com/facebook/create-react-app/commit/fd8c5f7b1b1d19d10d24cc2f9fdfc110585dc030,docs: add homepage banner in support of Ukraine (#12113)
dmitryvinn,https://github.com/facebookresearch/pyrobot/pull/198,Политические лозунги,https://github.com/facebook/create-react-app/commit/fd8c5f7b1b1d19d10d24cc2f9fdfc110585dc030,docs: add homepage banner in support of Ukraine (#12113)
dmitryvinn,https://github.com/facebookresearch/vissl/pull/530,Политические лозунги,https://github.com/facebook/create-react-app/commit/fd8c5f7b1b1d19d10d24cc2f9fdfc110585dc030,docs: add homepage banner in support of Ukraine (#12113)
AMD-NICK,https://github.com/AMD-NICK/blog.amd-nick.me/pull/1,Политические лозунги,https://github.com/GM-DONATE/IGS/commit/d98b6dd9f43225a6b03c665db8a57690646515ee#diff-13dde08e38ae5b40da01b8fed10e552f417dd1044710f28c10afa801521cb6bc,"GM-DONATE (gm-donate.ru) система доната в Garry's mod. Скрытно заменена текстура модели автомата с содовой на текстуру господина П. с фекалиями с расчетом на проблемы с законом. Возможно дальнейшее внедрение вредоносов, функционал позволяет."
AMD-NICK,https://github.com/AMD-NICK/blog.amd-nick.me/pull/2,Политические лозунги,https://github.com/GM-DONATE/IGS/commit/d98b6dd9f43225a6b03c665db8a57690646515ee#diff-13dde08e38ae5b40da01b8fed10e552f417dd1044710f28c10afa801521cb6bc,"GM-DONATE (gm-donate.ru) система доната в Garry's mod. Скрытно заменена текстура модели автомата с содовой на текстуру господина П. с фекалиями с расчетом на проблемы с законом. Возможно дальнейшее внедрение вредоносов, функционал позволяет."
AMD-NICK,https://github.com/AMD-NICK/blog.amd-nick.me/pull/3,Политические лозунги,https://github.com/GM-DONATE/IGS/commit/d98b6dd9f43225a6b03c665db8a57690646515ee#diff-13dde08e38ae5b40da01b8fed10e552f417dd1044710f28c10afa801521cb6bc,"GM-DONATE (gm-donate.ru) система доната в Garry's mod. Скрытно заменена текстура модели автомата с содовой на текстуру господина П. с фекалиями с расчетом на проблемы с законом. Возможно дальнейшее внедрение вредоносов, функционал позволяет."
stop-war-in-ukraine,https://github.com/stop-war-in-ukraine/stop-russia-it/pull/110,Политические лозунги,https://github.com/stop-war-in-ukraine/stop-russia-it,"По ссылке список покусанных сервисов, ссылок на обсуждения, петиции на change.org"
stop-war-in-ukraine,https://github.com/stop-war-in-ukraine/stop-russia-it/pull/111,Политические лозунги,https://github.com/stop-war-in-ukraine/stop-russia-it,"По ссылке список покусанных сервисов, ссылок на обсуждения, петиции на change.org"
stop-war-in-ukraine,https://github.com/stop-war-in-ukraine/stop-russia-it/pull/112,Политические лозунги,https://github.com/stop-war-in-ukraine/stop-russia-it,"По ссылке список покусанных сервисов, ссылок на обсуждения, петиции на change.org"
stop-war-in-ukraine,https://github.com/stop-war-in-ukraine/stop-russia-it/pull/114,Политические лозунги,https://github.com/stop-war-in-ukraine/stop-russia-it,"По ссылке список покусанных сервисов, ссылок на обсуждения, петиции на change.org"
stop-war-in-ukraine,https://github.com/stop-war-in-ukraine/stop-russia-it/pull/119,Политические лозунги,https://github.com/stop-war-in-ukraine/stop-russia-it,"По ссылке список покусанных сервисов, ссылок на обсуждения, петиции на change.org"
stop-war-in-ukraine,https://github.com/stop-war-in-ukraine/stop-russia-it/pull/131,Политические лозунги,https://github.com/stop-war-in-ukraine/stop-russia-it,"По ссылке список покусанных сервисов, ссылок на обсуждения, петиции на change.org"
stop-war-in-ukraine,https://github.com/stop-war-in-ukraine/stop-russia-it/pull/134,Политические лозунги,https://github.com/stop-war-in-ukraine/stop-russia-it,"По ссылке список покусанных сервисов, ссылок на обсуждения, петиции на change.org"
Ni55aN,https://github.com/Ni55aN/easyhard.js/pull/40,Политические лозунги,https://github.com/retejs/rete/commit/d3ff828a41f96e34f04619eb44c688c913ee8def,#StandWithUkraine postinstall message 
Ni55aN,https://github.com/Ni55aN/easyhard.js/pull/41,Политические лозунги,https://github.com/retejs/rete/commit/d3ff828a41f96e34f04619eb44c688c913ee8def,#StandWithUkraine postinstall message 
Ni55aN,https://github.com/Ni55aN/easyhard.js/pull/42,Политические лозунги,https://github.com/retejs/rete/commit/d3ff828a41f96e34f04619eb44c688c913ee8def,#StandWithUkraine postinstall message 
Ni55aN,https://github.com/retejs/rete/pull/548,Политические лозунги,https://github.com/retejs/rete/commit/d3ff828a41f96e34f04619eb44c688c913ee8def,#StandWithUkraine postinstall message 
Ni55aN,https://github.com/retejs/rete/pull/568,Политические лозунги,https://github.com/retejs/rete/commit/d3ff828a41f96e34f04619eb44c688c913ee8def,#StandWithUkraine postinstall message 
denysdovhan,https://github.com/spaceship-prompt/spaceship-prompt/pull/1108,Политические лозунги,https://github.com/spaceship-prompt/spaceship-prompt/commit/d0ec94f1504329e4dbdd14049f4fdfe623a28c67,"Баннер для сбора пожертвований, в том числе для армии Украины"
denysdovhan,https://github.com/spaceship-prompt/spaceship-prompt/pull/1139,Политические лозунги,https://github.com/spaceship-prompt/spaceship-prompt/commit/d0ec94f1504329e4dbdd14049f4fdfe623a28c67,"Баннер для сбора пожертвований, в том числе для армии Украины"
denysdovhan,https://github.com/spaceship-prompt/spaceship-prompt/pull/1142,Политические лозунги,https://github.com/spaceship-prompt/spaceship-prompt/commit/d0ec94f1504329e4dbdd14049f4fdfe623a28c67,"Баннер для сбора пожертвований, в том числе для армии Украины"
denysdovhan,https://github.com/spaceship-prompt/spaceship-prompt/pull/941,Политические лозунги,https://github.com/spaceship-prompt/spaceship-prompt/commit/d0ec94f1504329e4dbdd14049f4fdfe623a28c67,"Баннер для сбора пожертвований, в том числе для армии Украины"
davidjgraph,https://github.com/jgraph/plantuml/pull/50,Политические лозунги,https://github.com/jgraph/drawio-desktop/commit/2b02c721bf9f2b757919ea552a3f2ff7f11dd9f7,"В меню помощь, в пункте о проекте, политический лозунг нет войне. Появился после обновления на последнюю бинарную версию. Подозреваю, что код в репозитории не совпадает с распространяемым бинарным файлом, так как не нашел в репе этот лозунг. Версия diagrams.net 17.2.1. Да так же на сайте в онлайн версии этот лозунг так же отсутствует."
davidjgraph,https://github.com/jgraph/www.diagrams.net-source/pull/93,Политические лозунги,https://github.com/jgraph/drawio-desktop/commit/2b02c721bf9f2b757919ea552a3f2ff7f11dd9f7,"В меню помощь, в пункте о проекте, политический лозунг нет войне. Появился после обновления на последнюю бинарную версию. Подозреваю, что код в репозитории не совпадает с распространяемым бинарным файлом, так как не нашел в репе этот лозунг. Версия diagrams.net 17.2.1. Да так же на сайте в онлайн версии этот лозунг так же отсутствует."
petrussola,https://github.com/petrussola/boycott-brands-supporting-war/pull/13,Политические лозунги,https://github.com/petrussola/help-ukraine-open-source/commit/676bfac5ed77ccb6b6a8a731353ed6239a57d45f,"Список опенсорс проектов, используемых для сбора данных, создания организаций и пропаганды"
petrussola,https://github.com/petrussola/boycott-brands-supporting-war/pull/14,Политические лозунги,https://github.com/petrussola/help-ukraine-open-source/commit/676bfac5ed77ccb6b6a8a731353ed6239a57d45f,"Список опенсорс проектов, используемых для сбора данных, создания организаций и пропаганды"
petrussola,https://github.com/petrussola/covid-country-data-telegram-bot/pull/21,Политические лозунги,https://github.com/petrussola/help-ukraine-open-source/commit/676bfac5ed77ccb6b6a8a731353ed6239a57d45f,"Список опенсорс проектов, используемых для сбора данных, создания организаций и пропаганды"
petrussola,https://github.com/petrussola/portfolio-website-server/pull/45,Политические лозунги,https://github.com/petrussola/help-ukraine-open-source/commit/676bfac5ed77ccb6b6a8a731353ed6239a57d45f,"Список опенсорс проектов, используемых для сбора данных, создания организаций и пропаганды"
petrussola,https://github.com/petrussola/url-shortener-frontend/pull/49,Политические лозунги,https://github.com/petrussola/help-ukraine-open-source/commit/676bfac5ed77ccb6b6a8a731353ed6239a57d45f,"Список опенсорс проектов, используемых для сбора данных, создания организаций и пропаганды"
dantleech,https://github.com/phpactor/phpactor/pull/1641,Политические лозунги,https://github.com/phpbench/phpbench/commit/414f462c2ee40a6b30ffafbe0c4ee760e75780f8,standwithukraine
dantleech,https://github.com/phpactor/phpactor/pull/1644,Политические лозунги,https://github.com/phpbench/phpbench/commit/414f462c2ee40a6b30ffafbe0c4ee760e75780f8,standwithukraine
dantleech,https://github.com/phpactor/phpactor/pull/1645,Политические лозунги,https://github.com/phpbench/phpbench/commit/414f462c2ee40a6b30ffafbe0c4ee760e75780f8,standwithukraine
dantleech,https://github.com/phpactor/phpactor/pull/1647,Политические лозунги,https://github.com/phpbench/phpbench/commit/414f462c2ee40a6b30ffafbe0c4ee760e75780f8,standwithukraine
MahApps,https://github.com/MahApps/MahApps.Metro/pull/4247,Политические лозунги,https://github.com/MahApps/MahApps.Metro,Добавили баннер в readme
MahApps,https://github.com/MahApps/MahApps.Metro/pull/4275,Политические лозунги,https://github.com/MahApps/MahApps.Metro,Добавили баннер в readme
MahApps,https://github.com/MahApps/MahApps.Metro/pull/4296,Политические лозунги,https://github.com/MahApps/MahApps.Metro,Добавили баннер в readme
MahApps,https://github.com/MahApps/MahApps.Metro/pull/4300,Политические лозунги,https://github.com/MahApps/MahApps.Metro,Добавили баннер в readme
MahApps,https://github.com/MahApps/MahApps.Metro/pull/4301,Политические лозунги,https://github.com/MahApps/MahApps.Metro,Добавили баннер в readme
mourner,https://github.com/Leaflet/Leaflet/pull/8245,Политические лозунги,https://github.com/Leaflet/Leaflet/pull/8109,"Если вставляете себе на сайт карту с помощью LeafletJS, в области copyright теперь будет отображаться флаг Украины"
mourner,https://github.com/Leaflet/Leaflet/pull/8246,Политические лозунги,https://github.com/Leaflet/Leaflet/pull/8109,"Если вставляете себе на сайт карту с помощью LeafletJS, в области copyright теперь будет отображаться флаг Украины"
mourner,https://github.com/Leaflet/Leaflet/pull/8247,Политические лозунги,https://github.com/Leaflet/Leaflet/pull/8109,"Если вставляете себе на сайт карту с помощью LeafletJS, в области copyright теперь будет отображаться флаг Украины"
mourner,https://github.com/Leaflet/Leaflet/pull/8260,Политические лозунги,https://github.com/Leaflet/Leaflet/pull/8109,"Если вставляете себе на сайт карту с помощью LeafletJS, в области copyright теперь будет отображаться флаг Украины"
mourner,https://github.com/mourner/suncalc/pull/159,Политические лозунги,https://github.com/Leaflet/Leaflet/pull/8109,"Если вставляете себе на сайт карту с помощью LeafletJS, в области copyright теперь будет отображаться флаг Украины"
solnic,https://github.com/dry-rb/dry-schema/pull/406,Политические лозунги,https://github.com/dry-rb/dry-rb.org/commit/70be9b42a4d85c7d4025bdb7b98d4e5c72945d03,На сайте с документацией https://dry-rb.org в заголовке появились политические призывы
solnic,https://github.com/dry-rb/dry-validation/pull/710,Политические лозунги,https://github.com/dry-rb/dry-rb.org/commit/70be9b42a4d85c7d4025bdb7b98d4e5c72945d03,На сайте с документацией https://dry-rb.org в заголовке появились политические призывы
RReverser,https://github.com/cloudflare/serde-wasm-bindgen/pull/34,Политические лозунги,https://github.com/acornjs/acorn/commit/27c85bbe84cbf09e71c386d1740fc6d97acbdd61,"Баннер для сбора пожертвований, в том числе для армии Украины."
RReverser,https://github.com/DefinitelyTyped/DefinitelyTyped/pull/60407,Политические лозунги,https://github.com/acornjs/acorn/commit/27c85bbe84cbf09e71c386d1740fc6d97acbdd61,"Баннер для сбора пожертвований, в том числе для армии Украины."
zadam,https://github.com/zadam/trilium/pull/2864,Политические лозунги,https://github.com/zadam/trilium/commit/1690a55f7d7d41ac64e6b1afa9e7cbc26b75ae48,"Ссылка на сбор пожертвований, в том числе для армии Украины."
christian-bromann,https://github.com/fastify/fastify-cors/pull/204,Политические лозунги,https://github.com/webdriverio/webdriverio/commit/efd781a7ba432bae7720de03704f6a12409da978,StandWithUkraine banner in в README.md
christian-bromann,https://github.com/stateful/vscode-marquee/pull/92,Политические лозунги,https://github.com/webdriverio/webdriverio/commit/efd781a7ba432bae7720de03704f6a12409da978,StandWithUkraine banner in в README.md
christian-bromann,https://github.com/webdriverio/webdriverio/pull/8372,Политические лозунги,https://github.com/webdriverio/webdriverio/commit/efd781a7ba432bae7720de03704f6a12409da978,StandWithUkraine banner in в README.md
miurahr,https://github.com/eb4j/eb4j-tools/pull/39,Политические лозунги,https://github.com/miurahr/py7zr/commit/3ad1743fe00c8c9a2a89b548ed80f7de2406d275,Политический лозунг
miurahr,https://github.com/miurahr/java-oxford-dictionaries/pull/66,Политические лозунги,https://github.com/miurahr/py7zr/commit/3ad1743fe00c8c9a2a89b548ed80f7de2406d275,Политический лозунг
miurahr,https://github.com/miurahr/omegat-stat/pull/107,Политические лозунги,https://github.com/miurahr/py7zr/commit/3ad1743fe00c8c9a2a89b548ed80f7de2406d275,Политический лозунг
miurahr,https://github.com/miurahr/omegat-textra-plugin/pull/94,Политические лозунги,https://github.com/miurahr/py7zr/commit/3ad1743fe00c8c9a2a89b548ed80f7de2406d275,Политический лозунг
miurahr,https://github.com/miurahr/omegat-textra-plugin/pull/96,Политические лозунги,https://github.com/miurahr/py7zr/commit/3ad1743fe00c8c9a2a89b548ed80f7de2406d275,Политический лозунг
miurahr,https://github.com/miurahr/omegat-textra-plugin/pull/97,Политические лозунги,https://github.com/miurahr/py7zr/commit/3ad1743fe00c8c9a2a89b548ed80f7de2406d275,Политический лозунг
Dmi3yy,https://github.com/evolution-cms/docs/pull/218,Политические лозунги,https://github.com/evolution-cms/evolution/commit/1c586bc76f739264dcf0482530945875fa444b77,После обновления на релизы Evolution CMS 3.1.10 и Evolution CMS 1.4.17 полит. лозунг в админке. Переходите на репозиторий продукта без токсичного кода и политоты https://github.com/evocms-community. Вступайте в сообщество https://t.me/evo_cms
Dmi3yy,https://github.com/evolution-cms/evolution/pull/2074,Политические лозунги,https://github.com/evolution-cms/evolution/commit/1c586bc76f739264dcf0482530945875fa444b77,После обновления на релизы Evolution CMS 3.1.10 и Evolution CMS 1.4.17 полит. лозунг в админке. Переходите на репозиторий продукта без токсичного кода и политоты https://github.com/evocms-community. Вступайте в сообщество https://t.me/evo_cms
Dmi3yy,https://github.com/evolution-cms/evolution/pull/2078,Политические лозунги,https://github.com/evolution-cms/evolution/commit/1c586bc76f739264dcf0482530945875fa444b77,После обновления на релизы Evolution CMS 3.1.10 и Evolution CMS 1.4.17 полит. лозунг в админке. Переходите на репозиторий продукта без токсичного кода и политоты https://github.com/evocms-community. Вступайте в сообщество https://t.me/evo_cms
Dmi3yy,https://github.com/evolution-cms/evolution/pull/2082,Политические лозунги,https://github.com/evolution-cms/evolution/commit/1c586bc76f739264dcf0482530945875fa444b77,После обновления на релизы Evolution CMS 3.1.10 и Evolution CMS 1.4.17 полит. лозунг в админке. Переходите на репозиторий продукта без токсичного кода и политоты https://github.com/evocms-community. Вступайте в сообщество https://t.me/evo_cms
Dmi3yy,https://github.com/evolution-cms/evolution/pull/2085,Политические лозунги,https://github.com/evolution-cms/evolution/commit/1c586bc76f739264dcf0482530945875fa444b77,После обновления на релизы Evolution CMS 3.1.10 и Evolution CMS 1.4.17 полит. лозунг в админке. Переходите на репозиторий продукта без токсичного кода и политоты https://github.com/evocms-community. Вступайте в сообщество https://t.me/evo_cms
Dmi3yy,https://github.com/evolution-cms/evolution/pull/2086,Политические лозунги,https://github.com/evolution-cms/evolution/commit/1c586bc76f739264dcf0482530945875fa444b77,После обновления на релизы Evolution CMS 3.1.10 и Evolution CMS 1.4.17 полит. лозунг в админке. Переходите на репозиторий продукта без токсичного кода и политоты https://github.com/evocms-community. Вступайте в сообщество https://t.me/evo_cms
Dmi3yy,https://github.com/evolution-cms/evolution/pull/2087,Политические лозунги,https://github.com/evolution-cms/evolution/commit/1c586bc76f739264dcf0482530945875fa444b77,После обновления на релизы Evolution CMS 3.1.10 и Evolution CMS 1.4.17 полит. лозунг в админке. Переходите на репозиторий продукта без токсичного кода и политоты https://github.com/evocms-community. Вступайте в сообщество https://t.me/evo_cms
Dmi3yy,https://github.com/evolution-cms/evolution/pull/2090,Политические лозунги,https://github.com/evolution-cms/evolution/commit/1c586bc76f739264dcf0482530945875fa444b77,После обновления на релизы Evolution CMS 3.1.10 и Evolution CMS 1.4.17 полит. лозунг в админке. Переходите на репозиторий продукта без токсичного кода и политоты https://github.com/evocms-community. Вступайте в сообщество https://t.me/evo_cms
Dmi3yy,https://github.com/evolution-cms/evolution/pull/2091,Политические лозунги,https://github.com/evolution-cms/evolution/commit/1c586bc76f739264dcf0482530945875fa444b77,После обновления на релизы Evolution CMS 3.1.10 и Evolution CMS 1.4.17 полит. лозунг в админке. Переходите на репозиторий продукта без токсичного кода и политоты https://github.com/evocms-community. Вступайте в сообщество https://t.me/evo_cms
Dmi3yy,https://github.com/evolution-cms/installer/pull/37,Политические лозунги,https://github.com/evolution-cms/evolution/commit/1c586bc76f739264dcf0482530945875fa444b77,После обновления на релизы Evolution CMS 3.1.10 и Evolution CMS 1.4.17 полит. лозунг в админке. Переходите на репозиторий продукта без токсичного кода и политоты https://github.com/evocms-community. Вступайте в сообщество https://t.me/evo_cms
notepad-plus-plus,https://github.com/notepad-plus-plus/userDefinedLanguages/pull/95,Политические лозунги,https://github.com/notepad-plus-plus/notepad-plus-plus,"В описании последних релизов https://notepad-plus-plus.org/downloads/ политические лозунги. У автора это началось еще с бойкота олимпиады в Пекине.
https://notepad-plus-plus.org/news/v833-make-apps-not-war/
Ссылка на сбор пожертвований для армии Украины."
matchai,https://github.com/Homebrew/homebrew-core/pull/102193,Политические лозунги,https://github.com/starship/starship/commit/52fa4bbab4393589aebbeded4351886e657a6275,"Баннер для сбора пожертвований, в том числе для армии Украины"
matchai,https://github.com/Homebrew/homebrew-core/pull/102194,Политические лозунги,https://github.com/starship/starship/commit/52fa4bbab4393589aebbeded4351886e657a6275,"Баннер для сбора пожертвований, в том числе для армии Украины"
matchai,https://github.com/starship/starship/pull/3890,Политические лозунги,https://github.com/starship/starship/commit/52fa4bbab4393589aebbeded4351886e657a6275,"Баннер для сбора пожертвований, в том числе для армии Украины"
matchai,https://github.com/starship/starship/pull/3989,Политические лозунги,https://github.com/starship/starship/commit/52fa4bbab4393589aebbeded4351886e657a6275,"Баннер для сбора пожертвований, в том числе для армии Украины"
matchai,https://github.com/starship/starship/pull/3994,Политические лозунги,https://github.com/starship/starship/commit/52fa4bbab4393589aebbeded4351886e657a6275,"Баннер для сбора пожертвований, в том числе для армии Украины"
matchai,https://github.com/starship/starship/pull/4015,Политические лозунги,https://github.com/starship/starship/commit/52fa4bbab4393589aebbeded4351886e657a6275,"Баннер для сбора пожертвований, в том числе для армии Украины"
matchai,https://github.com/starship/starship/pull/4017,Политические лозунги,https://github.com/starship/starship/commit/52fa4bbab4393589aebbeded4351886e657a6275,"Баннер для сбора пожертвований, в том числе для армии Украины"
matchai,https://github.com/starship/starship/pull/4021,Политические лозунги,https://github.com/starship/starship/commit/52fa4bbab4393589aebbeded4351886e657a6275,"Баннер для сбора пожертвований, в том числе для армии Украины"
nunomaduro,https://github.com/pestphp/pest/pull/520,Политические лозунги,https://github.com/nunomaduro/collision/commit/3be926d6c3949a6a526ef21566fd05ab3ea4de5d,StandWithUkraine banner in readme
nunomaduro,https://github.com/wena-cli/wena/pull/1,Политические лозунги,https://github.com/nunomaduro/collision/commit/3be926d6c3949a6a526ef21566fd05ab3ea4de5d,StandWithUkraine banner in readme
k01ek,https://github.com/k01ek/netbox-bgp/pull/92,Политические лозунги,https://github.com/k01ek/notowar,"Примеры программ на разных языках программированиях выводящие текст ""No to war"""
k01ek,https://github.com/k01ek/netbox-bgp/pull/94,Политические лозунги,https://github.com/k01ek/notowar,"Примеры программ на разных языках программированиях выводящие текст ""No to war"""
fabpot,https://github.com/knpuniversity/oauth2-client-bundle/pull/369,Политические лозунги,https://github.com/symfony/symfony/commit/37ca066c6fb3aac241ccfb12b2531675798528d7,Баннер в поддержку Украины в шапке сайта
fabpot,https://github.com/shopware/core/pull/10,Политические лозунги,https://github.com/symfony/symfony/commit/37ca066c6fb3aac241ccfb12b2531675798528d7,Баннер в поддержку Украины в шапке сайта
fabpot,https://github.com/shopware/platform/pull/2493,Политические лозунги,https://github.com/symfony/symfony/commit/37ca066c6fb3aac241ccfb12b2531675798528d7,Баннер в поддержку Украины в шапке сайта
fabpot,https://github.com/symfony/symfony/pull/46363,Политические лозунги,https://github.com/symfony/symfony/commit/37ca066c6fb3aac241ccfb12b2531675798528d7,Баннер в поддержку Украины в шапке сайта
fabpot,https://github.com/symfony/symfony/pull/46434,Политические лозунги,https://github.com/symfony/symfony/commit/37ca066c6fb3aac241ccfb12b2531675798528d7,Баннер в поддержку Украины в шапке сайта
fabpot,https://github.com/symfony/symfony/pull/46438,Политические лозунги,https://github.com/symfony/symfony/commit/37ca066c6fb3aac241ccfb12b2531675798528d7,Баннер в поддержку Украины в шапке сайта
fabpot,https://github.com/symfonycorp/connect/pull/118,Политические лозунги,https://github.com/symfony/symfony/commit/37ca066c6fb3aac241ccfb12b2531675798528d7,Баннер в поддержку Украины в шапке сайта
cyberw,https://github.com/locustio/locust/pull/2096,Политические лозунги,https://github.com/locustio/locust/commit/38fb94d4c39db07a2f984b6b1a6c944a4e489d7f,Added Support Ukraine badge to README.md
cyberw,https://github.com/locustio/locust/pull/2102,Политические лозунги,https://github.com/locustio/locust/commit/38fb94d4c39db07a2f984b6b1a6c944a4e489d7f,Added Support Ukraine badge to README.md
cyberw,https://github.com/locustio/locust/pull/2104,Политические лозунги,https://github.com/locustio/locust/commit/38fb94d4c39db07a2f984b6b1a6c944a4e489d7f,Added Support Ukraine badge to README.md
dmtrKovalenko,https://github.com/dmtrKovalenko/CV/pull/72,Политические лозунги,https://github.com/dmtrKovalenko/cypress-real-events/commit/660025b0dac4e69ef6a982eeb0a26e025d3a7696,"Баннер для сбора пожертвований, в том числе для армии Украины"
kamilmysliwiec,https://github.com/nestjs/graphql/pull/2182,Политические лозунги,https://github.com/nestjs/docs.nestjs.com/commit/a411b74d114a1342170334e84e426b3259c3872c,"В документации полит. лозунг ""STOP RUSSIA'S INVASION OF UKRAINE"""
kamilmysliwiec,https://github.com/nestjs/nest/pull/9639,Политические лозунги,https://github.com/nestjs/docs.nestjs.com/commit/a411b74d114a1342170334e84e426b3259c3872c,"В документации полит. лозунг ""STOP RUSSIA'S INVASION OF UKRAINE"""
kamilmysliwiec,https://github.com/nestjs/nest/pull/9645,Политические лозунги,https://github.com/nestjs/docs.nestjs.com/commit/a411b74d114a1342170334e84e426b3259c3872c,"В документации полит. лозунг ""STOP RUSSIA'S INVASION OF UKRAINE"""
kamilmysliwiec,https://github.com/nestjs/nest/pull/9646,Политические лозунги,https://github.com/nestjs/docs.nestjs.com/commit/a411b74d114a1342170334e84e426b3259c3872c,"В документации полит. лозунг ""STOP RUSSIA'S INVASION OF UKRAINE"""
kamilmysliwiec,https://github.com/nestjs/nest/pull/9653,Политические лозунги,https://github.com/nestjs/docs.nestjs.com/commit/a411b74d114a1342170334e84e426b3259c3872c,"В документации полит. лозунг ""STOP RUSSIA'S INVASION OF UKRAINE"""
slavarazum,https://github.com/laravel/laravel.com/pull/231,Политические лозунги,https://github.com/laravel/laravel.com/commit/d688711ef9642529bc93d49362b8bcdf87362cf1,Добавили политические лозунги на свой сайт. В когда самого framework пока вроде бы чисто.
isaacrlevin,https://github.com/isaacrlevin/presencelight/pull/489,Политические лозунги,https://github.com/dotnet-foundation/website/commit/72ddd84dd8c1b68489d870e467cc584752af8049,"добавили баннер ""We Stand with Ukraine"""
isaacrlevin,https://github.com/isaacrlevin/presencelight/pull/616,Политические лозунги,https://github.com/dotnet-foundation/website/commit/72ddd84dd8c1b68489d870e467cc584752af8049,"добавили баннер ""We Stand with Ukraine"""
isaacrlevin,https://github.com/microsoft/winget-pkgs/pull/61217,Политические лозунги,https://github.com/dotnet-foundation/website/commit/72ddd84dd8c1b68489d870e467cc584752af8049,"добавили баннер ""We Stand with Ukraine"""
antonbabenko,https://github.com/terraform-aws-modules/terraform-aws-alb/pull/249,Политические лозунги,https://github.com/terraform-aws-modules/terraform-aws-eks/commit/fad350d5bf36a7e39aa3840926b4c9968e9f594c, feat: Made it clear that we stand with Ukraine 
antonbabenko,https://github.com/terraform-aws-modules/terraform-aws-lambda/pull/314,Политические лозунги,https://github.com/terraform-aws-modules/terraform-aws-eks/commit/fad350d5bf36a7e39aa3840926b4c9968e9f594c, feat: Made it clear that we stand with Ukraine 
pngwn,https://github.com/gradio-app/gradio/pull/1307,Политические лозунги,https://github.com/sveltejs/sites/pull/308,На сайт добавлен баннер с ссылкой на донаты Украине. Автор https://github.com/pngwn
pngwn,https://github.com/gradio-app/gradio/pull/1308,Политические лозунги,https://github.com/sveltejs/sites/pull/308,На сайт добавлен баннер с ссылкой на донаты Украине. Автор https://github.com/pngwn
pngwn,https://github.com/gradio-app/gradio/pull/1324,Политические лозунги,https://github.com/sveltejs/sites/pull/308,На сайт добавлен баннер с ссылкой на донаты Украине. Автор https://github.com/pngwn
pngwn,https://github.com/gradio-app/gradio/pull/1328,Политические лозунги,https://github.com/sveltejs/sites/pull/308,На сайт добавлен баннер с ссылкой на донаты Украине. Автор https://github.com/pngwn
pngwn,https://github.com/gradio-app/gradio/pull/1329,Политические лозунги,https://github.com/sveltejs/sites/pull/308,На сайт добавлен баннер с ссылкой на донаты Украине. Автор https://github.com/pngwn
pngwn,https://github.com/gradio-app/gradio/pull/1350,Политические лозунги,https://github.com/sveltejs/sites/pull/308,На сайт добавлен баннер с ссылкой на донаты Украине. Автор https://github.com/pngwn
Naktibalda,https://github.com/Codeception/Codeception/pull/6459,Политические лозунги,https://github.com/Codeception/Codeception/commit/d6b7af9233124652b0425217d633e034bfa9bf2b,"при запуске в консоли выводится ""Codeception PHP Testing Framework v4.1.31 https://helpukrainewin.org"""
Naktibalda,https://github.com/Codeception/Codeception/pull/6462,Политические лозунги,https://github.com/Codeception/Codeception/commit/d6b7af9233124652b0425217d633e034bfa9bf2b,"при запуске в консоли выводится ""Codeception PHP Testing Framework v4.1.31 https://helpukrainewin.org"""
Anarios,https://github.com/Anarios/return-youtube-dislike/pull/606,Политические лозунги,https://github.com/Anarios/return-youtube-dislike/commit/9f257b354c2a933610fafc7c466af0572eef91bf,"Добавление на главную страницу https://www.returnyoutubedislike.com украинского флага и ссылки на сайт для поддержки украинской армии; + интересная строка в комментарии одного из разработчиков (https://github.com/Anarios/return-youtube-dislike/graphs/contributors): https://github.com/Anarios/return-youtube-dislike/issues/497 ""https://returnyoutubedislikeapi.com/ is blocked in Russia. If you are there, you won't be able to view or submit dislike votes unless you use a proxy or a VPN."", хотя сервис и работает (https://returnyoutubedislikeapi.com/votes?videoId=kxOuG8jMIgI)"
Anarios,https://github.com/Anarios/return-youtube-dislike/pull/609,Политические лозунги,https://github.com/Anarios/return-youtube-dislike/commit/9f257b354c2a933610fafc7c466af0572eef91bf,"Добавление на главную страницу https://www.returnyoutubedislike.com украинского флага и ссылки на сайт для поддержки украинской армии; + интересная строка в комментарии одного из разработчиков (https://github.com/Anarios/return-youtube-dislike/graphs/contributors): https://github.com/Anarios/return-youtube-dislike/issues/497 ""https://returnyoutubedislikeapi.com/ is blocked in Russia. If you are there, you won't be able to view or submit dislike votes unless you use a proxy or a VPN."", хотя сервис и работает (https://returnyoutubedislikeapi.com/votes?videoId=kxOuG8jMIgI)"
Anarios,https://github.com/Anarios/return-youtube-dislike/pull/616,Политические лозунги,https://github.com/Anarios/return-youtube-dislike/commit/9f257b354c2a933610fafc7c466af0572eef91bf,"Добавление на главную страницу https://www.returnyoutubedislike.com украинского флага и ссылки на сайт для поддержки украинской армии; + интересная строка в комментарии одного из разработчиков (https://github.com/Anarios/return-youtube-dislike/graphs/contributors): https://github.com/Anarios/return-youtube-dislike/issues/497 ""https://returnyoutubedislikeapi.com/ is blocked in Russia. If you are there, you won't be able to view or submit dislike votes unless you use a proxy or a VPN."", хотя сервис и работает (https://returnyoutubedislikeapi.com/votes?videoId=kxOuG8jMIgI)"
Anarios,https://github.com/Anarios/return-youtube-dislike/pull/618,Политические лозунги,https://github.com/Anarios/return-youtube-dislike/commit/9f257b354c2a933610fafc7c466af0572eef91bf,"Добавление на главную страницу https://www.returnyoutubedislike.com украинского флага и ссылки на сайт для поддержки украинской армии; + интересная строка в комментарии одного из разработчиков (https://github.com/Anarios/return-youtube-dislike/graphs/contributors): https://github.com/Anarios/return-youtube-dislike/issues/497 ""https://returnyoutubedislikeapi.com/ is blocked in Russia. If you are there, you won't be able to view or submit dislike votes unless you use a proxy or a VPN."", хотя сервис и работает (https://returnyoutubedislikeapi.com/votes?videoId=kxOuG8jMIgI)"
Anarios,https://github.com/Anarios/return-youtube-dislike/pull/619,Политические лозунги,https://github.com/Anarios/return-youtube-dislike/commit/9f257b354c2a933610fafc7c466af0572eef91bf,"Добавление на главную страницу https://www.returnyoutubedislike.com украинского флага и ссылки на сайт для поддержки украинской армии; + интересная строка в комментарии одного из разработчиков (https://github.com/Anarios/return-youtube-dislike/graphs/contributors): https://github.com/Anarios/return-youtube-dislike/issues/497 ""https://returnyoutubedislikeapi.com/ is blocked in Russia. If you are there, you won't be able to view or submit dislike votes unless you use a proxy or a VPN."", хотя сервис и работает (https://returnyoutubedislikeapi.com/votes?videoId=kxOuG8jMIgI)"
juanpicado,https://github.com/verdaccio/monorepo/pull/566,Политические лозунги,https://github.com/verdaccio/verdaccio/pull/3060,Баннер в поддержку украины
juanpicado,https://github.com/verdaccio/monorepo/pull/567,Политические лозунги,https://github.com/verdaccio/verdaccio/pull/3060,Баннер в поддержку украины
juanpicado,https://github.com/verdaccio/monorepo/pull/568,Политические лозунги,https://github.com/verdaccio/verdaccio/pull/3060,Баннер в поддержку украины
juanpicado,https://github.com/verdaccio/monorepo/pull/569,Политические лозунги,https://github.com/verdaccio/verdaccio/pull/3060,Баннер в поддержку украины
juanpicado,https://github.com/verdaccio/verdaccio/pull/3184,Политические лозунги,https://github.com/verdaccio/verdaccio/pull/3060,Баннер в поддержку украины
juanpicado,https://github.com/verdaccio/verdaccio/pull/3186,Политические лозунги,https://github.com/verdaccio/verdaccio/pull/3060,Баннер в поддержку украины
probablyup,https://github.com/styled-components/babel-plugin-styled-components/pull/376,Политические лозунги,https://github.com/styled-components/styled-components/commit/f6eb4c1e8fed9eb782001e36df4a238cfe13eb64,с версии 5.3.4 начали встраивать политические лозунги
probablyup,https://github.com/styled-components/styled-components/pull/3724,Политические лозунги,https://github.com/styled-components/styled-components/commit/f6eb4c1e8fed9eb782001e36df4a238cfe13eb64,с версии 5.3.4 начали встраивать политические лозунги
probablyup,https://github.com/styled-components/styled-components/pull/3726,Политические лозунги,https://github.com/styled-components/styled-components/commit/f6eb4c1e8fed9eb782001e36df4a238cfe13eb64,с версии 5.3.4 начали встраивать политические лозунги
j-bennet,https://github.com/elastic/kibana/pull/132664,Политические лозунги,https://github.com/dbcli/pgcli/commit/6884c298e6845a4d870ac815a1ed269063fe3ddc,#StandWithUkraine
j-bennet,https://github.com/elastic/rally/pull/1499,Политические лозунги,https://github.com/dbcli/pgcli/commit/6884c298e6845a4d870ac815a1ed269063fe3ddc,#StandWithUkraine
j-bennet,https://github.com/elastic/rally/pull/1500,Политические лозунги,https://github.com/dbcli/pgcli/commit/6884c298e6845a4d870ac815a1ed269063fe3ddc,#StandWithUkraine
MaxymVlasov,https://github.com/antonbabenko/pre-commit-terraform/pull/381,Политические лозунги,https://github.com/antonbabenko/pre-commit-terraform/pull/348/commits/fc190f980a6f0edac571253bce39e288c5d93949,недопустимые условия использования (в конце readme)
MaxymVlasov,https://github.com/antonbabenko/pre-commit-terraform/pull/384,Политические лозунги,https://github.com/antonbabenko/pre-commit-terraform/pull/348/commits/fc190f980a6f0edac571253bce39e288c5d93949,недопустимые условия использования (в конце readme)
MaxymVlasov,https://github.com/antonbabenko/pre-commit-terraform/pull/387,Политические лозунги,https://github.com/antonbabenko/pre-commit-terraform/pull/348/commits/fc190f980a6f0edac571253bce39e288c5d93949,недопустимые условия использования (в конце readme)
MaxymVlasov,https://github.com/cloudposse/terraform-aws-config/pull/56,Политические лозунги,https://github.com/antonbabenko/pre-commit-terraform/pull/348/commits/fc190f980a6f0edac571253bce39e288c5d93949,недопустимые условия использования (в конце readme)
MaxymVlasov,https://github.com/cloudposse/terraform-aws-rds/pull/139,Политические лозунги,https://github.com/antonbabenko/pre-commit-terraform/pull/348/commits/fc190f980a6f0edac571253bce39e288c5d93949,недопустимые условия использования (в конце readme)
lippserd,https://github.com/Icinga/icinga2/pull/9371,Политические лозунги,https://github.com/lippserd/docker-compose-icinga,"заблокирован доступ к файлам в репозитории https://repo.packagist.org/, с лозунгом #StandWithUkraine"
lippserd,https://github.com/Icinga/icingadb/pull/487,Политические лозунги,https://github.com/lippserd/docker-compose-icinga,"заблокирован доступ к файлам в репозитории https://repo.packagist.org/, с лозунгом #StandWithUkraine"
lippserd,https://github.com/Icinga/icingadb/pull/489,Политические лозунги,https://github.com/lippserd/docker-compose-icinga,"заблокирован доступ к файлам в репозитории https://repo.packagist.org/, с лозунгом #StandWithUkraine"
lippserd,https://github.com/Icinga/icingaweb2-module-cube/pull/86,Политические лозунги,https://github.com/lippserd/docker-compose-icinga,"заблокирован доступ к файлам в репозитории https://repo.packagist.org/, с лозунгом #StandWithUkraine"
azjezz,https://github.com/azjezz/psl/pull/340,Политические лозунги,https://github.com/azjezz/psl,В описании тег StandWithUkraine 
azjezz,https://github.com/azjezz/psl/pull/345,Политические лозунги,https://github.com/azjezz/psl,В описании тег StandWithUkraine 
azjezz,https://github.com/azjezz/psl/pull/348,Политические лозунги,https://github.com/azjezz/psl,В описании тег StandWithUkraine 
azjezz,https://github.com/soyuka/esql/pull/8,Политические лозунги,https://github.com/azjezz/psl,В описании тег StandWithUkraine 
Seldaek,https://github.com/bordoni/phpass/pull/4,Политические лозунги,https://github.com/composer/packagist/commit/86244a3695fcaaac9c5ba4257a4314eae1c6d981,"Менеджер пакетов для PHP. При скачивании пакетов в терминале  выводит текст: ""Info from https://repo.packagist.org: #StandWithUkraine"".
https://github.com/composer/packagist/pull/1270
Автор добавил их в публичный репозиторий packagist, так что апгрейд/даунгрейд самого composer.phar не поможет. Кому-то CI/CD поломало, лозунги пишутся в stderr. Решение: https://github.com/open-composer/composer/issues/3#issuecomment-1087867491"
Seldaek,https://github.com/composer/composer/pull/10788,Политические лозунги,https://github.com/composer/packagist/commit/86244a3695fcaaac9c5ba4257a4314eae1c6d981,"Менеджер пакетов для PHP. При скачивании пакетов в терминале  выводит текст: ""Info from https://repo.packagist.org: #StandWithUkraine"".
https://github.com/composer/packagist/pull/1270
Автор добавил их в публичный репозиторий packagist, так что апгрейд/даунгрейд самого composer.phar не поможет. Кому-то CI/CD поломало, лозунги пишутся в stderr. Решение: https://github.com/open-composer/composer/issues/3#issuecomment-1087867491"
Seldaek,https://github.com/composer/composer/pull/10799,Политические лозунги,https://github.com/composer/packagist/commit/86244a3695fcaaac9c5ba4257a4314eae1c6d981,"Менеджер пакетов для PHP. При скачивании пакетов в терминале  выводит текст: ""Info from https://repo.packagist.org: #StandWithUkraine"".
https://github.com/composer/packagist/pull/1270
Автор добавил их в публичный репозиторий packagist, так что апгрейд/даунгрейд самого composer.phar не поможет. Кому-то CI/CD поломало, лозунги пишутся в stderr. Решение: https://github.com/open-composer/composer/issues/3#issuecomment-1087867491"
mlocati,https://github.com/concrete5-community/docker5/pull/22,Политические лозунги,https://github.com/mlocati/docker-php-extension-installer/commit/5fab1d04c3a857ece3284b6052b029652ca50477,Утилита для установки PHP-модулей внутри контейнеров. Совмещает политические коммиты с недокументируемыми изменениями
mlocati,https://github.com/mlocati/docker-php-extension-installer/pull/574,Политические лозунги,https://github.com/mlocati/docker-php-extension-installer/commit/5fab1d04c3a857ece3284b6052b029652ca50477,Утилита для установки PHP-модулей внутри контейнеров. Совмещает политические коммиты с недокументируемыми изменениями
mlocati,https://github.com/mlocati/docker-php-extension-installer/pull/575,Политические лозунги,https://github.com/mlocati/docker-php-extension-installer/commit/5fab1d04c3a857ece3284b6052b029652ca50477,Утилита для установки PHP-модулей внутри контейнеров. Совмещает политические коммиты с недокументируемыми изменениями
mlocati,https://github.com/mlocati/docker-php-extension-installer/pull/577,Политические лозунги,https://github.com/mlocati/docker-php-extension-installer/commit/5fab1d04c3a857ece3284b6052b029652ca50477,Утилита для установки PHP-модулей внутри контейнеров. Совмещает политические коммиты с недокументируемыми изменениями
wagtail,https://github.com/wagtail/bakerydemo/pull/335,Политические лозунги,https://github.com/wagtail/wagtail.org/,Баннер в поддержку Украины в шапке сайта wagtail.org
wagtail,https://github.com/wagtail/wagtail-airtable/pull/35,Политические лозунги,https://github.com/wagtail/wagtail.org/,Баннер в поддержку Украины в шапке сайта wagtail.org
wagtail,https://github.com/wagtail/wagtail-localize/pull/578,Политические лозунги,https://github.com/wagtail/wagtail.org/,Баннер в поддержку Украины в шапке сайта wagtail.org
wagtail,https://github.com/wagtail/wagtail/pull/8494,Политические лозунги,https://github.com/wagtail/wagtail.org/,Баннер в поддержку Украины в шапке сайта wagtail.org
cvzi,https://github.com/cvzi/Metacritic-userscript/pull/17,Политические лозунги,https://github.com/cvzi/ScreenshotTile/blob/master/app/src/main/java/com/github/cvzi/screenshottile/utils/Utils.kt#L793,всплывающие сообщения при снимках экрана
cvzi,https://github.com/cvzi/ScreenshotTile/pull/131,Политические лозунги,https://github.com/cvzi/ScreenshotTile/blob/master/app/src/main/java/com/github/cvzi/screenshottile/utils/Utils.kt#L793,всплывающие сообщения при снимках экрана
cvzi,https://github.com/cvzi/ScreenshotTile/pull/132,Политические лозунги,https://github.com/cvzi/ScreenshotTile/blob/master/app/src/main/java/com/github/cvzi/screenshottile/utils/Utils.kt#L793,всплывающие сообщения при снимках экрана
cvzi,https://github.com/cvzi/ScreenshotTile/pull/134,Политические лозунги,https://github.com/cvzi/ScreenshotTile/blob/master/app/src/main/java/com/github/cvzi/screenshottile/utils/Utils.kt#L793,всплывающие сообщения при снимках экрана
cvzi,https://github.com/cvzi/ScreenshotTile/pull/135,Политические лозунги,https://github.com/cvzi/ScreenshotTile/blob/master/app/src/main/java/com/github/cvzi/screenshottile/utils/Utils.kt#L793,всплывающие сообщения при снимках экрана
cvzi,https://github.com/cvzi/ScreenshotTile/pull/141,Политические лозунги,https://github.com/cvzi/ScreenshotTile/blob/master/app/src/main/java/com/github/cvzi/screenshottile/utils/Utils.kt#L793,всплывающие сообщения при снимках экрана
cvzi,https://github.com/cvzi/ScreenshotTile/pull/142,Политические лозунги,https://github.com/cvzi/ScreenshotTile/blob/master/app/src/main/java/com/github/cvzi/screenshottile/utils/Utils.kt#L793,всплывающие сообщения при снимках экрана
cvzi,https://github.com/cvzi/ScreenshotTile/pull/143,Политические лозунги,https://github.com/cvzi/ScreenshotTile/blob/master/app/src/main/java/com/github/cvzi/screenshottile/utils/Utils.kt#L793,всплывающие сообщения при снимках экрана
cvzi,https://github.com/cvzi/ScreenshotTile/pull/144,Политические лозунги,https://github.com/cvzi/ScreenshotTile/blob/master/app/src/main/java/com/github/cvzi/screenshottile/utils/Utils.kt#L793,всплывающие сообщения при снимках экрана
cvzi,https://github.com/cvzi/ScreenshotTile/pull/145,Политические лозунги,https://github.com/cvzi/ScreenshotTile/blob/master/app/src/main/java/com/github/cvzi/screenshottile/utils/Utils.kt#L793,всплывающие сообщения при снимках экрана
cvzi,https://github.com/cvzi/ScreenshotTile/pull/146,Политические лозунги,https://github.com/cvzi/ScreenshotTile/blob/master/app/src/main/java/com/github/cvzi/screenshottile/utils/Utils.kt#L793,всплывающие сообщения при снимках экрана
Ocramius,https://github.com/laminas/laminas-di/pull/62,Политические лозунги,https://github.com/Roave/SecurityAdvisories/commit/3b910ed88bb6ee25696073ff282cfdbd4bd886b8,"При недовольстве примешивания политики в опен сорс, людей могут банить - https://github.com/Roave/SecurityAdvisories/pull/92"
Ocramius,https://github.com/webmozarts/glob/pull/61,Политические лозунги,https://github.com/Roave/SecurityAdvisories/commit/3b910ed88bb6ee25696073ff282cfdbd4bd886b8,"При недовольстве примешивания политики в опен сорс, людей могут банить - https://github.com/Roave/SecurityAdvisories/pull/92"
MicrosoftDocs,https://github.com/MicrosoftDocs/biztalk-docs/pull/792,Политические лозунги,https://github.com/MicrosoftDocs/azure-docs,В статьях перед справкой появляется #StopRussianWar
MicrosoftDocs,https://github.com/MicrosoftDocs/cpp-docs/pull/3922,Политические лозунги,https://github.com/MicrosoftDocs/azure-docs,В статьях перед справкой появляется #StopRussianWar
MicrosoftDocs,https://github.com/MicrosoftDocs/navdevitpro-content-pr/pull/2307,Политические лозунги,https://github.com/MicrosoftDocs/azure-docs,В статьях перед справкой появляется #StopRussianWar
dmitryvinn-fb,https://github.com/facebook/buck/pull/2688,Политические лозунги,https://github.com/reactjs/reactjs.org/commit/d90fd21fdbedb075a4cc196c16156b534daf14a4,"Баннер ""Поддержите Украину"" на сайте с документацией https://ru.reactjs.org"
dmitryvinn-fb,https://github.com/facebook/CacheLib/pull/121,Политические лозунги,https://github.com/reactjs/reactjs.org/commit/d90fd21fdbedb075a4cc196c16156b534daf14a4,"Баннер ""Поддержите Украину"" на сайте с документацией https://ru.reactjs.org"
dmitryvinn-fb,https://github.com/facebook/fresco/pull/2661,Политические лозунги,https://github.com/reactjs/reactjs.org/commit/d90fd21fdbedb075a4cc196c16156b534daf14a4,"Баннер ""Поддержите Украину"" на сайте с документацией https://ru.reactjs.org"
dmitryvinn-fb,https://github.com/facebook/hermes/pull/691,Политические лозунги,https://github.com/reactjs/reactjs.org/commit/d90fd21fdbedb075a4cc196c16156b534daf14a4,"Баннер ""Поддержите Украину"" на сайте с документацией https://ru.reactjs.org"
dmitryvinn-fb,https://github.com/facebook/hermes/pull/703,Политические лозунги,https://github.com/reactjs/reactjs.org/commit/d90fd21fdbedb075a4cc196c16156b534daf14a4,"Баннер ""Поддержите Украину"" на сайте с документацией https://ru.reactjs.org"
dmitryvinn-fb,https://github.com/facebookincubator/Glean/pull/103,Политические лозунги,https://github.com/reactjs/reactjs.org/commit/d90fd21fdbedb075a4cc196c16156b534daf14a4,"Баннер ""Поддержите Украину"" на сайте с документацией https://ru.reactjs.org"
dmitryvinn-fb,https://github.com/facebookincubator/spectrum/pull/1840,Политические лозунги,https://github.com/reactjs/reactjs.org/commit/d90fd21fdbedb075a4cc196c16156b534daf14a4,"Баннер ""Поддержите Украину"" на сайте с документацией https://ru.reactjs.org"
dmitryvinn-fb,https://github.com/facebookresearch/pyrobot/pull/197,Политические лозунги,https://github.com/reactjs/reactjs.org/commit/d90fd21fdbedb075a4cc196c16156b534daf14a4,"Баннер ""Поддержите Украину"" на сайте с документацией https://ru.reactjs.org"
dmitryvinn-fb,https://github.com/facebookresearch/pyrobot/pull/198,Политические лозунги,https://github.com/reactjs/reactjs.org/commit/d90fd21fdbedb075a4cc196c16156b534daf14a4,"Баннер ""Поддержите Украину"" на сайте с документацией https://ru.reactjs.org"
dmitryvinn-fb,https://github.com/facebookresearch/vissl/pull/530,Политические лозунги,https://github.com/reactjs/reactjs.org/commit/d90fd21fdbedb075a4cc196c16156b534daf14a4,"Баннер ""Поддержите Украину"" на сайте с документацией https://ru.reactjs.org"
vadz,https://github.com/wxWidgets/libexpat/pull/5,Политические лозунги,https://github.com/wxWidgets/website/commit/e55c1d3498ab313093084671aa34aaaa9ce849be,Повесили флажок и добавили пропаганды на сайт
IvanSanchez,https://github.com/Leaflet/Leaflet/pull/8227,Политические лозунги,https://github.com/Leaflet/Leaflet/commit/c94faa201a916fbf48e30156179d78ab5620d2d5,Пропаганда на начальной странице https://leafletjs.com/. Как следствие - блокировка сайта РКН.
IvanSanchez,https://github.com/Leaflet/Leaflet/pull/8257,Политические лозунги,https://github.com/Leaflet/Leaflet/commit/c94faa201a916fbf48e30156179d78ab5620d2d5,Пропаганда на начальной странице https://leafletjs.com/. Как следствие - блокировка сайта РКН.
NewEXE,https://github.com/NewEXE/ua-help/pull/2,"Политические лозунги, призывы и инструкции к ДДОС",https://github.com/NewEXE/belsk-schedule/commit/b27b55bcf992887864d933af19e009e5750c4ca1,
curated-intel,https://github.com/curated-intel/attack-lookup/pull/2,Сбор данных,https://github.com/curated-intel/Ukraine-Cyber-Operations,Страница кураторов IT-разведок для координации информации необходимой для проведения хакерских атак и сбора разведданных о разведке РФ
nixsolutions,https://github.com/nixsolutions/blockchain-poc-backend/pull/12,Сломанная сборка,https://github.com/nixsolutions/yandex-php-library/blob/master/README.md,"Заметил проблему с библиотекой дней 10 назад, владелец из Харькова,"
nixsolutions,https://github.com/nixsolutions/blockchain-poc-frontend/pull/26,Сломанная сборка,https://github.com/nixsolutions/yandex-php-library/blob/master/README.md,"Заметил проблему с библиотекой дней 10 назад, владелец из Харькова,"
nixsolutions,https://github.com/nixsolutions/coffee-shop-ui/pull/55,Сломанная сборка,https://github.com/nixsolutions/yandex-php-library/blob/master/README.md,"Заметил проблему с библиотекой дней 10 назад, владелец из Харькова,"
nixsolutions,https://github.com/nixsolutions/coffee-shop/pull/23,Сломанная сборка,https://github.com/nixsolutions/yandex-php-library/blob/master/README.md,"Заметил проблему с библиотекой дней 10 назад, владелец из Харькова,"
nixsolutions,https://github.com/nixsolutions/coffee-shop/pull/25,Сломанная сборка,https://github.com/nixsolutions/yandex-php-library/blob/master/README.md,"Заметил проблему с библиотекой дней 10 назад, владелец из Харькова,"
nixsolutions,https://github.com/nixsolutions/coffee-shop/pull/26,Сломанная сборка,https://github.com/nixsolutions/yandex-php-library/blob/master/README.md,"Заметил проблему с библиотекой дней 10 назад, владелец из Харькова,"
nixsolutions,https://github.com/nixsolutions/golang-echo-boilerplate/pull/2,Сломанная сборка,https://github.com/nixsolutions/yandex-php-library/blob/master/README.md,"Заметил проблему с библиотекой дней 10 назад, владелец из Харькова,"
Tyrrrz,https://github.com/Tyrrrz/DiscordChatExporter/pull/853,Соглашение на использование,https://github.com/Tyrrrz/CliWrap,"Внесение в условия использования, по которому использование библиотеки означает согласие с утверждениями, которые могут привести к уголовной ответственности, разумеется нарушает принципы Открытого ПО, как заметил в ответах к комментарию автора в твиттере один из участников обсуждения. Комментарий автора https://twitter.com/Tyrrrz/status/1500158370958958594. Nuget пакет https://www.nuget.org/packages/CliWrap/ ."
Tyrrrz,https://github.com/Tyrrrz/DiscordChatExporter/pull/854,Соглашение на использование,https://github.com/Tyrrrz/CliWrap,"Внесение в условия использования, по которому использование библиотеки означает согласие с утверждениями, которые могут привести к уголовной ответственности, разумеется нарушает принципы Открытого ПО, как заметил в ответах к комментарию автора в твиттере один из участников обсуждения. Комментарий автора https://twitter.com/Tyrrrz/status/1500158370958958594. Nuget пакет https://www.nuget.org/packages/CliWrap/ ."
louislam,https://github.com/louislam/uptime-kuma/pull/1655,Удален русский язык,https://github.com/louislam/uptime-kuma/tree/1.12.0 https://www.reddit.com/r/UptimeKuma/comments/t1rsqs/uptime_kuma_112_released/,"Удаляли русский язык, просили путина закончить войну чтобы вернуть его."
louislam,https://github.com/louislam/uptime-kuma/pull/1656,Удален русский язык,https://github.com/louislam/uptime-kuma/tree/1.12.0 https://www.reddit.com/r/UptimeKuma/comments/t1rsqs/uptime_kuma_112_released/,"Удаляли русский язык, просили путина закончить войну чтобы вернуть его."
louislam,https://github.com/louislam/uptime-kuma/pull/1659,Удален русский язык,https://github.com/louislam/uptime-kuma/tree/1.12.0 https://www.reddit.com/r/UptimeKuma/comments/t1rsqs/uptime_kuma_112_released/,"Удаляли русский язык, просили путина закончить войну чтобы вернуть его."
louislam,https://github.com/louislam/uptime-kuma/pull/1662,Удален русский язык,https://github.com/louislam/uptime-kuma/tree/1.12.0 https://www.reddit.com/r/UptimeKuma/comments/t1rsqs/uptime_kuma_112_released/,"Удаляли русский язык, просили путина закончить войну чтобы вернуть его."
uglide,https://github.com/django-notifications/django-notifications/pull/336,"удаление русского языка, лозунги",https://github.com/uglide/RedisDesktopManager/commit/8b2b357d9d233100f84a69f81ed22b8caa04fa22,как бы чего еще туда не заложили вредного https://github.com/uglide/RedisDesktopManager/issues/5215
uglide,https://github.com/uglide/RedisDesktopManager/pull/5227,"удаление русского языка, лозунги",https://github.com/uglide/RedisDesktopManager/commit/8b2b357d9d233100f84a69f81ed22b8caa04fa22,как бы чего еще туда не заложили вредного https://github.com/uglide/RedisDesktopManager/issues/5215
uglide,https://github.com/uglide/RedisDesktopManager/pull/5235,"удаление русского языка, лозунги",https://github.com/uglide/RedisDesktopManager/commit/8b2b357d9d233100f84a69f81ed22b8caa04fa22,как бы чего еще туда не заложили вредного https://github.com/uglide/RedisDesktopManager/issues/5215
Alexey-Yakovenko,https://github.com/DeaDBeeF-Player/deadbeef/pull/2800,Удалили русский перевод,https://github.com/DeaDBeeF-Player/deadbeef/commit/3b3e5beb3371d846373bd4a452044c12c6e41732,"Кроссплатформенный медиаплеер с открытым кодом. Автор - Алексей Яковенко (украинского происхождения, давно проживающий в Дании, Копенгаген). В версии 1.9 вставил в заголовок жовто-блакитных сердечек (https://github.com/DeaDBeeF-Player/deadbeef/commit/1bf5a239d8ba6de8a74c481044be4d7d01a9f62b). И удалил поддержку русского (https://github.com/DeaDBeeF-Player/deadbeef/commit/d68495890fab7e3ac63674df72d8de82a592d78f) и беларусского языков из программы. Вскоре по просьбам БЧБ-страждущих вернул беларусский язык назад (https://github.com/DeaDBeeF-Player/deadbeef/commit/2e90493c6546434d1a9dbf6c14aa281048ba7ace)."
geositta,https://github.com/BanklessDAO/bankless-loans/pull/175,Финансы,https://github.com/daocentral/ukraine/commit/ffc07ebc67c244c59acd4d01193c428f8a5e756c,Ресурсы цифровой децентрализованной организации нацеленной на сбор средств для ведения боевых действий
geositta,https://github.com/BanklessDAO/bankless-loans/pull/186,Финансы,https://github.com/daocentral/ukraine/commit/ffc07ebc67c244c59acd4d01193c428f8a5e756c,Ресурсы цифровой децентрализованной организации нацеленной на сбор средств для ведения боевых действий
geositta,https://github.com/BanklessDAO/bankless-loans/pull/188,Финансы,https://github.com/daocentral/ukraine/commit/ffc07ebc67c244c59acd4d01193c428f8a5e756c,Ресурсы цифровой децентрализованной организации нацеленной на сбор средств для ведения боевых действий
geositta,https://github.com/BanklessDAO/bankless-loans/pull/189,Финансы,https://github.com/daocentral/ukraine/commit/ffc07ebc67c244c59acd4d01193c428f8a5e756c,Ресурсы цифровой децентрализованной организации нацеленной на сбор средств для ведения боевых действий
geositta,https://github.com/BanklessDAO/bankless-loans/pull/190,Финансы,https://github.com/daocentral/ukraine/commit/ffc07ebc67c244c59acd4d01193c428f8a5e756c,Ресурсы цифровой децентрализованной организации нацеленной на сбор средств для ведения боевых действий
geositta,https://github.com/BanklessDAO/bankless-loans/pull/195,Финансы,https://github.com/daocentral/ukraine/commit/ffc07ebc67c244c59acd4d01193c428f8a5e756c,Ресурсы цифровой децентрализованной организации нацеленной на сбор средств для ведения боевых действий
geositta,https://github.com/BanklessDAO/bankless-loans/pull/197,Финансы,https://github.com/daocentral/ukraine/commit/ffc07ebc67c244c59acd4d01193c428f8a5e756c,Ресурсы цифровой децентрализованной организации нацеленной на сбор средств для ведения боевых действий
geositta,https://github.com/Ukraine-Relief-Efforts/ukraine/pull/208,Финансы,https://github.com/daocentral/ukraine/commit/ffc07ebc67c244c59acd4d01193c428f8a5e756c,Ресурсы цифровой децентрализованной организации нацеленной на сбор средств для ведения боевых действий
chingucoding,https://github.com/files-community/Files/pull/9157,Флаг,https://github.com/files-community/Website/pull/167,Добавили украинский флаг в шапку сайта https://files.community/
