https://github.com/danieldanielecki/danieldanielecki	Страница для координации хакерских атак на инфраструктуру РФ, ссылки на прикладное ПО для атак, цели и адреса групп координирующих хакерские атаки	danieldanielecki;
https://github.com/danieldanielecki/IT-ARMY-of-Ukraine-Resources-in-English	Страница для координации хакерских атак на инфраструктуру РФ, ссылки на прикладное ПО для атак, цели и адреса групп координирующих хакерские атаки	danieldanielecki;
https://github.com/arendst/Tasmota	проверяет координаты микроконтроллера, и если он соответствует Москве или Минску, то в логи пишется текст "Stop war, Free Ukrain".	arendst;
https://github.com/arendst/Tasmota-firmware	проверяет координаты микроконтроллера, и если он соответствует Москве или Минску, то в логи пишется текст "Stop war, Free Ukrain".	arendst;
https://github.com/Tyrrrz/.github	Дал ссылку на репо, там везде призывы к поддержке х-слов, ну и в самой программе при запуске всплывает плашка о поддержке т.н. "украины"	Tyrrrz;
https://github.com/Tyrrrz/CliFx	Дал ссылку на репо, там везде призывы к поддержке х-слов, ну и в самой программе при запуске всплывает плашка о поддержке т.н. "украины"	Tyrrrz;
https://github.com/Tyrrrz/CliWrap	Дал ссылку на репо, там везде призывы к поддержке х-слов, ну и в самой программе при запуске всплывает плашка о поддержке т.н. "украины"	Tyrrrz;
https://github.com/Tyrrrz/Contextual	Дал ссылку на репо, там везде призывы к поддержке х-слов, ну и в самой программе при запуске всплывает плашка о поддержке т.н. "украины"	Tyrrrz;
https://github.com/Tyrrrz/DiscordChatExporter	Дал ссылку на репо, там везде призывы к поддержке х-слов, ну и в самой программе при запуске всплывает плашка о поддержке т.н. "украины"	Tyrrrz;
https://github.com/Tyrrrz/DotnetRuntimeBootstrapper	Дал ссылку на репо, там везде призывы к поддержке х-слов, ну и в самой программе при запуске всплывает плашка о поддержке т.н. "украины"	Tyrrrz;
https://github.com/Tyrrrz/GitHubActionsTestLogger	Дал ссылку на репо, там везде призывы к поддержке х-слов, ну и в самой программе при запуске всплывает плашка о поддержке т.н. "украины"	Tyrrrz;
https://github.com/Tyrrrz/Gress	Дал ссылку на репо, там везде призывы к поддержке х-слов, ну и в самой программе при запуске всплывает плашка о поддержке т.н. "украины"	Tyrrrz;
https://github.com/Tyrrrz/JsonExtensions	Дал ссылку на репо, там везде призывы к поддержке х-слов, ну и в самой программе при запуске всплывает плашка о поддержке т.н. "украины"	Tyrrrz;
https://github.com/Tyrrrz/LightBulb	Дал ссылку на репо, там везде призывы к поддержке х-слов, ну и в самой программе при запуске всплывает плашка о поддержке т.н. "украины"	Tyrrrz;
https://github.com/Tyrrrz/MiniRazor	Дал ссылку на репо, там везде призывы к поддержке х-слов, ну и в самой программе при запуске всплывает плашка о поддержке т.н. "украины"	Tyrrrz;
https://github.com/RIAEvangelist/awesome-actions	автор мальваря в node-ipc	RIAEvangelist;
https://github.com/dmitryvinn-fb/buck	Баннер в поддержку украины	dmitryvinn-fb;
https://github.com/dmitryvinn-fb/reactjs.org	Баннер в поддержку украины	dmitryvinn-fb;
https://github.com/dmitryvinn-fb/spectrum	Баннер в поддержку украины	dmitryvinn-fb;
https://github.com/Russia-Sanctions/.github	Просто пакет, который предлагается включать, чтобы выводить политические лозунги	Russia-Sanctions;
https://github.com/Russia-Sanctions/Base	Просто пакет, который предлагается включать, чтобы выводить политические лозунги	Russia-Sanctions;
https://github.com/Russia-Sanctions/CloudFront	Просто пакет, который предлагается включать, чтобы выводить политические лозунги	Russia-Sanctions;
https://github.com/Russia-Sanctions/Connect-Express	Просто пакет, который предлагается включать, чтобы выводить политические лозунги	Russia-Sanctions;
https://github.com/Russia-Sanctions/help-ukraine-open-source	Просто пакет, который предлагается включать, чтобы выводить политические лозунги	Russia-Sanctions;
https://github.com/Russia-Sanctions/Laravel	Просто пакет, который предлагается включать, чтобы выводить политические лозунги	Russia-Sanctions;
https://github.com/dmitryvinn/Ax-1	Баннер в поддержку украины. Автор: https://github.com/dmitryvinn	dmitryvinn;
https://github.com/dmitryvinn/beanmachine	Баннер в поддержку украины. Автор: https://github.com/dmitryvinn	dmitryvinn;
https://github.com/dmitryvinn/bistro	Баннер в поддержку украины. Автор: https://github.com/dmitryvinn	dmitryvinn;
https://github.com/dmitryvinn/BOLT	Баннер в поддержку украины. Автор: https://github.com/dmitryvinn	dmitryvinn;
https://github.com/dmitryvinn/botorch-1	Баннер в поддержку украины. Автор: https://github.com/dmitryvinn	dmitryvinn;
https://github.com/dmitryvinn/buck	Баннер в поддержку украины. Автор: https://github.com/dmitryvinn	dmitryvinn;
https://github.com/dmitryvinn/CacheLib	Баннер в поддержку украины. Автор: https://github.com/dmitryvinn	dmitryvinn;
https://github.com/dmitryvinn/captum	Баннер в поддержку украины. Автор: https://github.com/dmitryvinn	dmitryvinn;
https://github.com/dmitryvinn/chisel	Баннер в поддержку украины. Автор: https://github.com/dmitryvinn	dmitryvinn;
https://github.com/dmitryvinn/cinder	Баннер в поддержку украины. Автор: https://github.com/dmitryvinn	dmitryvinn;
https://github.com/dmitryvinn/ClassyVision	Баннер в поддержку украины. Автор: https://github.com/dmitryvinn	dmitryvinn;
https://github.com/dmitryvinn/componentkit	Баннер в поддержку украины. Автор: https://github.com/dmitryvinn	dmitryvinn;
https://github.com/dmitryvinn/CrypTen	Баннер в поддержку украины. Автор: https://github.com/dmitryvinn	dmitryvinn;
https://github.com/sebastianbergmann/cli-parser	политика	sebastianbergmann;
https://github.com/sebastianbergmann/code-unit	политика	sebastianbergmann;
https://github.com/sebastianbergmann/code-unit-reverse-lookup	политика	sebastianbergmann;
https://github.com/sebastianbergmann/comparator	политика	sebastianbergmann;
https://github.com/sebastianbergmann/complexity	политика	sebastianbergmann;
https://github.com/sebastianbergmann/container-amiga-gcc	политика	sebastianbergmann;
https://github.com/sebastianbergmann/container-amitools	политика	sebastianbergmann;
https://github.com/sebastianbergmann/diff	политика	sebastianbergmann;
https://github.com/sebastianbergmann/engine	политика	sebastianbergmann;
https://github.com/sebastianbergmann/environment	политика	sebastianbergmann;
https://github.com/sebastianbergmann/exporter	политика	sebastianbergmann;
https://github.com/sebastianbergmann/global-state	политика	sebastianbergmann;
https://github.com/sebastianbergmann/lines-of-code	политика	sebastianbergmann;
https://github.com/sebastianbergmann/object-enumerator	политика	sebastianbergmann;
https://github.com/sebastianbergmann/object-reflector	политика	sebastianbergmann;
https://github.com/dmitryvinn/Ax-1	Опенсорс проект http://docusaurus.io/	dmitryvinn;
https://github.com/dmitryvinn/beanmachine	Опенсорс проект http://docusaurus.io/	dmitryvinn;
https://github.com/dmitryvinn/bistro	Опенсорс проект http://docusaurus.io/	dmitryvinn;
https://github.com/dmitryvinn/BOLT	Опенсорс проект http://docusaurus.io/	dmitryvinn;
https://github.com/dmitryvinn/botorch-1	Опенсорс проект http://docusaurus.io/	dmitryvinn;
https://github.com/dmitryvinn/buck	Опенсорс проект http://docusaurus.io/	dmitryvinn;
https://github.com/dmitryvinn/CacheLib	Опенсорс проект http://docusaurus.io/	dmitryvinn;
https://github.com/dmitryvinn/captum	Опенсорс проект http://docusaurus.io/	dmitryvinn;
https://github.com/dmitryvinn/chisel	Опенсорс проект http://docusaurus.io/	dmitryvinn;
https://github.com/dmitryvinn/cinder	Опенсорс проект http://docusaurus.io/	dmitryvinn;
https://github.com/dmitryvinn/ClassyVision	Опенсорс проект http://docusaurus.io/	dmitryvinn;
https://github.com/dmitryvinn/componentkit	Опенсорс проект http://docusaurus.io/	dmitryvinn;
https://github.com/dmitryvinn/CrypTen	Опенсорс проект http://docusaurus.io/	dmitryvinn;
https://github.com/denysdovhan/bash-handbook	Баннер #StandWithUkraine	denysdovhan;
https://github.com/denysdovhan/denysdovhan	Баннер #StandWithUkraine	denysdovhan;
https://github.com/dantleech/blog	standwithukraine	dantleech;
https://github.com/spider-mane/leonidas	#StandWithUkraine	spider-mane;
https://github.com/spider-mane/panamax	#StandWithUkraine	spider-mane;
https://github.com/spider-mane/php-project	#StandWithUkraine	spider-mane;
https://github.com/ypylypenko/activeadmin_simplemde	Политические лозунги.	ypylypenko;
https://github.com/ypylypenko/FontKit	Политические лозунги.	ypylypenko;
https://github.com/pnpm/.github	Вредительства не замечено, но сайт с доками блочит ру айпи	pnpm;
https://github.com/pnpm/action-setup	Вредительства не замечено, но сайт с доками блочит ру айпи	pnpm;
https://github.com/pnpm/get.pnpm.io	Вредительства не замечено, но сайт с доками блочит ру айпи	pnpm;
https://github.com/pnpm/graph-sequencer	Вредительства не замечено, но сайт с доками блочит ру айпи	pnpm;
https://github.com/zkochan/bit	Заблокирован доступ на основной сайт https://pnpm.io по ~нац~ гео признаку. Основной мэйнтэйнер Украинец и, как видно, на дух не переносит русских.	zkochan;
https://github.com/denysdovhan/bash-handbook	Политический баннер #StandWithUkraine	denysdovhan;
https://github.com/denysdovhan/denysdovhan	Политический баннер #StandWithUkraine	denysdovhan;
https://github.com/CoreELEC/CoreELEC	Замена логотипа в цвета флага Украины	CoreELEC;
https://github.com/CoreELEC/linux-amlogic	Замена логотипа в цвета флага Украины	CoreELEC;
https://github.com/CoreELEC/media_modules-aml	Замена логотипа в цвета флага Украины	CoreELEC;
https://github.com/CoreELEC/remotes	Замена логотипа в цвета флага Украины	CoreELEC;
https://github.com/CoreELEC/service.coreelec.settings	Замена логотипа в цвета флага Украины	CoreELEC;
https://github.com/CoreELEC/smartchip	Замена логотипа в цвета флага Украины	CoreELEC;
https://github.com/danilo-leal/daniloleal.co	В документации полит. лозунг "STOP RUSSIA'S INVASION OF UKRAINE". https://mui.com/getting-started/installation/	danilo-leal;
https://github.com/spaceship-prompt/.github	Поддержка полит лозунгами и удаление всех русских issues	spaceship-prompt;
https://github.com/spaceship-prompt/spaceship-prompt	Поддержка полит лозунгами и удаление всех русских issues	spaceship-prompt;
https://github.com/vadimdemedes/.github	Issue с призывом платной поддержки украинской армии	vadimdemedes;
https://github.com/pabio/redirect-russia	Установленный скрипт на сайте редиректит на страницу с агиткой. Проверяет по ip пользователя и таймзоне.	pabio;
https://github.com/pabio/redirect-russia	Скрипт встраиваемый на сайты, перенаправляющий пользователей из России на страницу с политическими лозунгами	pabio;
https://github.com/KickflipCli/kickflip	Генератор фейковых сайтов по шаблону с ключевыми словами и призывами (одного мейнтейнера уже забанили за национальную рознь, другой продолжает работу)	KickflipCli;
https://github.com/KickflipCli/kickflip-cli	Генератор фейковых сайтов по шаблону с ключевыми словами и призывами (одного мейнтейнера уже забанили за национальную рознь, другой продолжает работу)	KickflipCli;
https://github.com/KickflipCli/kickflip-docs	Генератор фейковых сайтов по шаблону с ключевыми словами и призывами (одного мейнтейнера уже забанили за национальную рознь, другой продолжает работу)	KickflipCli;
https://github.com/KickflipCli/kickflip-router-nav-plugin	Генератор фейковых сайтов по шаблону с ключевыми словами и призывами (одного мейнтейнера уже забанили за национальную рознь, другой продолжает работу)	KickflipCli;
https://github.com/KickflipCli/kickflip-src	Генератор фейковых сайтов по шаблону с ключевыми словами и призывами (одного мейнтейнера уже забанили за национальную рознь, другой продолжает работу)	KickflipCli;
https://github.com/k01ek/netbox-devicetype-importer	Примеры программ на разных языках программированиях выводящие текст "No to war"	k01ek;
https://github.com/yarnpkg/berry	Массовый спам issues в репозиториях	yarnpkg;
https://github.com/yarnpkg/releases	Массовый спам issues в репозиториях	yarnpkg;
https://github.com/yarnpkg/website	Массовый спам issues в репозиториях	yarnpkg;
https://github.com/NewEXE/ban-dera-1	Куча говна	NewEXE;
https://github.com/NewEXE/belsk-schedule	Куча говна	NewEXE;
https://github.com/dmitryvinn-fb/buck	Баннер "Поддержите Украину" на сайте с документацией	dmitryvinn-fb;
https://github.com/dmitryvinn-fb/reactjs.org	Баннер "Поддержите Украину" на сайте с документацией	dmitryvinn-fb;
https://github.com/dmitryvinn-fb/spectrum	Баннер "Поддержите Украину" на сайте с документацией	dmitryvinn-fb;
https://github.com/danilo-leal/daniloleal.co	Баннер в поддержку Украины	danilo-leal;
https://github.com/dmitryvinn/Ax-1	docs: add homepage banner in support of Ukraine (#12113)	dmitryvinn;
https://github.com/dmitryvinn/beanmachine	docs: add homepage banner in support of Ukraine (#12113)	dmitryvinn;
https://github.com/dmitryvinn/bistro	docs: add homepage banner in support of Ukraine (#12113)	dmitryvinn;
https://github.com/dmitryvinn/BOLT	docs: add homepage banner in support of Ukraine (#12113)	dmitryvinn;
https://github.com/dmitryvinn/botorch-1	docs: add homepage banner in support of Ukraine (#12113)	dmitryvinn;
https://github.com/dmitryvinn/buck	docs: add homepage banner in support of Ukraine (#12113)	dmitryvinn;
https://github.com/dmitryvinn/CacheLib	docs: add homepage banner in support of Ukraine (#12113)	dmitryvinn;
https://github.com/dmitryvinn/captum	docs: add homepage banner in support of Ukraine (#12113)	dmitryvinn;
https://github.com/dmitryvinn/chisel	docs: add homepage banner in support of Ukraine (#12113)	dmitryvinn;
https://github.com/dmitryvinn/cinder	docs: add homepage banner in support of Ukraine (#12113)	dmitryvinn;
https://github.com/dmitryvinn/ClassyVision	docs: add homepage banner in support of Ukraine (#12113)	dmitryvinn;
https://github.com/dmitryvinn/componentkit	docs: add homepage banner in support of Ukraine (#12113)	dmitryvinn;
https://github.com/dmitryvinn/CrypTen	docs: add homepage banner in support of Ukraine (#12113)	dmitryvinn;
https://github.com/Danon/4playeditor.net	StandWithUkraine banner	Danon;
https://github.com/Danon/pygame	StandWithUkraine banner	Danon;
https://github.com/Danon/StandWithUkraine	StandWithUkraine banner	Danon;
https://github.com/Danon/4playeditor.net	StandWithUkraine banner	Danon;
https://github.com/Danon/pygame	StandWithUkraine banner	Danon;
https://github.com/Danon/StandWithUkraine	StandWithUkraine banner	Danon;
https://github.com/Yaffle/EventSource	Полифилы js используются в множестве сторонних сервисов, пол миллиона загрузок в неделю.	Yaffle;
https://github.com/sebastianbergmann/cli-parser	Шильдик #StandWithUkraine	sebastianbergmann;
https://github.com/sebastianbergmann/code-unit	Шильдик #StandWithUkraine	sebastianbergmann;
https://github.com/sebastianbergmann/code-unit-reverse-lookup	Шильдик #StandWithUkraine	sebastianbergmann;
https://github.com/sebastianbergmann/comparator	Шильдик #StandWithUkraine	sebastianbergmann;
https://github.com/sebastianbergmann/complexity	Шильдик #StandWithUkraine	sebastianbergmann;
https://github.com/sebastianbergmann/container-amiga-gcc	Шильдик #StandWithUkraine	sebastianbergmann;
https://github.com/sebastianbergmann/container-amitools	Шильдик #StandWithUkraine	sebastianbergmann;
https://github.com/sebastianbergmann/diff	Шильдик #StandWithUkraine	sebastianbergmann;
https://github.com/sebastianbergmann/engine	Шильдик #StandWithUkraine	sebastianbergmann;
https://github.com/sebastianbergmann/environment	Шильдик #StandWithUkraine	sebastianbergmann;
https://github.com/sebastianbergmann/exporter	Шильдик #StandWithUkraine	sebastianbergmann;
https://github.com/sebastianbergmann/global-state	Шильдик #StandWithUkraine	sebastianbergmann;
https://github.com/sebastianbergmann/lines-of-code	Шильдик #StandWithUkraine	sebastianbergmann;
https://github.com/sebastianbergmann/object-enumerator	Шильдик #StandWithUkraine	sebastianbergmann;
https://github.com/sebastianbergmann/object-reflector	Шильдик #StandWithUkraine	sebastianbergmann;
https://github.com/arendst/Tasmota	Варьируется от сообщений в логе до неработоспособности устройства	arendst;
https://github.com/arendst/Tasmota-firmware	Варьируется от сообщений в логе до неработоспособности устройства	arendst;
https://github.com/uglide/drf-tus	Политические лозунги в README, политические коммиты с кодом в истории. Создатель - укр.	uglide;
https://github.com/medikoo/.npm-cross-link	anti-war manifest	medikoo;
https://github.com/samber/awesome-go	Определяет активный у пользователя язык и редиректит на страницу с лозунгами. В следующих коммитах код удалили.	samber;
https://github.com/samber/awesome-prometheus-alerts	Определяет активный у пользователя язык и редиректит на страницу с лозунгами. В следующих коммитах код удалили.	samber;
https://github.com/stop-war-in-ukraine/stop-russia-it	По ссылке список сервисов, ссылок на обсуждения, петиции на change.org	stop-war-in-ukraine;
https://github.com/mickael-kerjean/filestash	С помощью определения ip показывали видео обращение Зеленского. Сейчас убрали	mickael-kerjean;
https://github.com/mickael-kerjean/filestash-website	С помощью определения ip показывали видео обращение Зеленского. Сейчас убрали	mickael-kerjean;
https://github.com/vnestoruk/ban-dera	Я минут пять искал заветную кнопочку. На репу пожаловаться нельзя. На автора можно.	vnestoruk;
https://github.com/erkexzcx/disconnectme-pihole	Досилка	erkexzcx;
https://github.com/erkexzcx/gas_monitor	Досилка	erkexzcx;
https://github.com/erkexzcx/stoppropaganda	Досилка	erkexzcx;
https://github.com/opengs/uashield	Досилка	opengs;
https://github.com/opengs/uashield-targeter	Досилка	opengs;
https://github.com/opengs/uashieldchecker	Досилка	opengs;
https://github.com/opengs/uashieldtargets	Досилка	opengs;
https://github.com/opengs/uashieldtargets-test	Досилка	opengs;
https://github.com/ajax-lives/bazarr	досилка	ajax-lives;
https://github.com/ajax-lives/NoRussian	досилка	ajax-lives;
https://github.com/metastck/putler-doser	Досилка	metastck;
https://github.com/RusskijKorablIdiNaxuj/RusskijKorablIdiNaxuj	Досилка	RusskijKorablIdiNaxuj;
https://github.com/RusskijKorablIdiNaxuj/stoppropaganda	Досилка	RusskijKorablIdiNaxuj;
https://github.com/0x77dev/0x77dev	Досилка	0x77dev;
https://github.com/0x77dev/donate	Досилка	0x77dev;
https://github.com/0x77dev/stoprussia	Досилка	0x77dev;
https://github.com/0x77dev/web	Досилка	0x77dev;
https://github.com/smrt-fascismu/RuskiBot-Reddit	Досилка	smrt-fascismu;
https://github.com/muterussia/MuteRussia	Досилка	muterussia;
https://github.com/ievgen11/ddoser	Досилка	ievgen11;
https://github.com/webgtx/dxtlib	ПО разработанное и настроенное для атак ресурсов РФ	webgtx;
https://github.com/webgtx/learn-js	ПО разработанное и настроенное для атак ресурсов РФ	webgtx;
https://github.com/webgtx/php-modules	ПО разработанное и настроенное для атак ресурсов РФ	webgtx;
https://github.com/webgtx/security_motion_sensor	ПО разработанное и настроенное для атак ресурсов РФ	webgtx;
https://github.com/ch33r10/ch33r10	Страница по координации и сбору IT - разведданных нацеленных на атаки инфраструктуры РФ	ch33r10;
https://github.com/ch33r10/DEFCON29-BTV-ThreatReportRoulette	Страница по координации и сбору IT - разведданных нацеленных на атаки инфраструктуры РФ	ch33r10;
https://github.com/ch33r10/EnterprisePurpleTeaming	Страница по координации и сбору IT - разведданных нацеленных на атаки инфраструктуры РФ	ch33r10;
https://github.com/ch33r10/SunflowerCon	Страница по координации и сбору IT - разведданных нацеленных на атаки инфраструктуры РФ	ch33r10;
https://github.com/alexander-danilenko/attacker	ПО для нагрузочного тестирования, ориентированное на использования в DDoS атаках на ресурсы РФ	alexander-danilenko;
https://github.com/alexander-danilenko/fedora-environment	ПО для нагрузочного тестирования, ориентированное на использования в DDoS атаках на ресурсы РФ	alexander-danilenko;
https://github.com/alexander-danilenko/NoWarDDoS	ПО для нагрузочного тестирования, ориентированное на использования в DDoS атаках на ресурсы РФ	alexander-danilenko;
https://github.com/alexander-danilenko/ua-loadtest	ПО для нагрузочного тестирования, ориентированное на использования в DDoS атаках на ресурсы РФ	alexander-danilenko;
https://github.com/alexander-danilenko/uashield	ПО для нагрузочного тестирования, ориентированное на использования в DDoS атаках на ресурсы РФ	alexander-danilenko;
https://github.com/alexander-danilenko/ubuntu-environment	ПО для нагрузочного тестирования, ориентированное на использования в DDoS атаках на ресурсы РФ	alexander-danilenko;
https://github.com/opengs/uashield	ПО для хакерских атак настроенное на атаки инфраструктуры и организаций в РФ	opengs;
https://github.com/opengs/uashield-targeter	ПО для хакерских атак настроенное на атаки инфраструктуры и организаций в РФ	opengs;
https://github.com/opengs/uashieldchecker	ПО для хакерских атак настроенное на атаки инфраструктуры и организаций в РФ	opengs;
https://github.com/opengs/uashieldtargets	ПО для хакерских атак настроенное на атаки инфраструктуры и организаций в РФ	opengs;
https://github.com/opengs/uashieldtargets-test	ПО для хакерских атак настроенное на атаки инфраструктуры и организаций в РФ	opengs;
https://github.com/erkexzcx/disconnectme-pihole	Хакерское ПО для проведения DDoS атак, настроенное на инфраструктуру и ресурсы РФ	erkexzcx;
https://github.com/erkexzcx/gas_monitor	Хакерское ПО для проведения DDoS атак, настроенное на инфраструктуру и ресурсы РФ	erkexzcx;
https://github.com/erkexzcx/stoppropaganda	Хакерское ПО для проведения DDoS атак, настроенное на инфраструктуру и ресурсы РФ	erkexzcx;
https://github.com/dimboknv/p24	Телеграм бот для массовой рассылки жалоб на телеграм-каналы	dimboknv;
https://github.com/dimboknv/tg-stand-with-ukraine	Телеграм бот для массовой рассылки жалоб на телеграм-каналы	dimboknv;
https://github.com/mytechnotalent/Fundamental-Go	Сетевой сканер. Инструмент используемый для проведения хакерских атак. На странице добавлен тег Ukraine.	mytechnotalent;
https://github.com/sanfarans/hack4ukraine	Предположительно - ПО разрабатываемое для проведения хакерских атак на РФ	sanfarans;
https://github.com/tweedge/phossil	Фреймворк для мониторинга ресурсов при проведении атак на ресурсы РФ и ведения информационной разведки	tweedge;
https://github.com/tweedge/ru-ok	Фреймворк для мониторинга ресурсов при проведении атак на ресурсы РФ и ведения информационной разведки	tweedge;
https://github.com/tweedge/tldr	Фреймворк для мониторинга ресурсов при проведении атак на ресурсы РФ и ведения информационной разведки	tweedge;
https://github.com/tweedge/tweedge	Фреймворк для мониторинга ресурсов при проведении атак на ресурсы РФ и ведения информационной разведки	tweedge;
https://github.com/tweedge/websights	Фреймворк для мониторинга ресурсов при проведении атак на ресурсы РФ и ведения информационной разведки	tweedge;
https://github.com/0x77dev/0x77dev	Набор инструментов для атак инфраструктуры РФ - доставка еды, транспорт, гос.ресурсы, различных коммерческих компаний	0x77dev;
https://github.com/0x77dev/donate	Набор инструментов для атак инфраструктуры РФ - доставка еды, транспорт, гос.ресурсы, различных коммерческих компаний	0x77dev;
https://github.com/0x77dev/stoprussia	Набор инструментов для атак инфраструктуры РФ - доставка еды, транспорт, гос.ресурсы, различных коммерческих компаний	0x77dev;
https://github.com/0x77dev/web	Набор инструментов для атак инфраструктуры РФ - доставка еды, транспорт, гос.ресурсы, различных коммерческих компаний	0x77dev;
https://github.com/d1sUa/DisDDos	Инструмент для DDoS атак, призывы к атакам инфраструктуры РФ	d1sUa;
https://github.com/UA-IT-Army/aggressor-sites	Досилка	UA-IT-Army;
https://github.com/UA-IT-Army/cfb-nodejs	Досилка	UA-IT-Army;
https://github.com/UA-IT-Army/openvpn-install	Досилка	UA-IT-Army;
https://github.com/UA-IT-Army/Proxifier-For-Linux	Досилка	UA-IT-Army;
https://github.com/UA-IT-Army/uait-toolkit	Досилка	UA-IT-Army;
https://github.com/SlavaUkraini2022/ddos_for_glory_of_ukraine	Досилка	SlavaUkraini2022;
https://github.com/ChngYrNick/actions-net	Досилка	ChngYrNick;
https://github.com/ChngYrNick/auto-reporting-fake-channels	Досилка	ChngYrNick;
https://github.com/ChngYrNick/fuck-warship	Досилка	ChngYrNick;
https://github.com/AlexTrushkovsky/NoWarDDoS	Вообще на неё пожаловались много раз, и в итоге гитхаб выкосил репу, на что автор даже написал что гитхаб поддерживает Русских. Репа опять появилась.	AlexTrushkovsky;
https://github.com/medikoo/.npm-cross-link	Малварь	medikoo;
https://github.com/arendst/Tasmota	При обнаружении запуска в России или Беларуси, показывает политические лозунги и далее комментарии самого автора "Turn all power off - annoying", "Restart - more annoying", "Reset - disastrous".	arendst;
https://github.com/arendst/Tasmota-firmware	При обнаружении запуска в России или Беларуси, показывает политические лозунги и далее комментарии самого автора "Turn all power off - annoying", "Restart - more annoying", "Reset - disastrous".	arendst;
https://github.com/opengs/uashield	Читайте описание	opengs;
https://github.com/opengs/uashield-targeter	Читайте описание	opengs;
https://github.com/opengs/uashieldchecker	Читайте описание	opengs;
https://github.com/opengs/uashieldtargets	Читайте описание	opengs;
https://github.com/opengs/uashieldtargets-test	Читайте описание	opengs;
https://github.com/Sateviss/sateviss.github.io	Гитхаб игнорит абузы с ру айпи	Sateviss;
https://github.com/zkochan/bit	Заблокировал сайт pnpm.io для РФ и РБ	zkochan;
https://github.com/zkochan/bit	Заблокировал сайт pnpm.io для РФ и РБ	zkochan;
https://github.com/o2sh/miro	При установке программы подменяет библиотеку libgcc_s.so.1, система перестает отвечать и после перезагрузки система выдает ошибку kernel panic.	o2sh;
https://github.com/o2sh/onefetch	При установке программы подменяет библиотеку libgcc_s.so.1, система перестает отвечать и после перезагрузки система выдает ошибку kernel panic.	o2sh;
https://github.com/danieldanielecki/danieldanielecki	Подборка целей и инструментов для атак по инфраструктуре РФ	danieldanielecki;
https://github.com/danieldanielecki/IT-ARMY-of-Ukraine-Resources-in-English	Подборка целей и инструментов для атак по инфраструктуре РФ	danieldanielecki;
https://github.com/medikoo/.npm-cross-link	Коллеги, обращаем внимание, что популярная библиотека https://www.npmjs.com/package/es5-ext которая не обновлялась до этого 2 года начала получать регулярные обновления которые содержат как негативную пропаганду, так и код по таймзоне увеличивающий утилизацию ресурсов. Смотреть файл - _postinstall.js	medikoo;
https://github.com/terraform-aws-modules/.github	все модули AWS для Terraform поддерживаемые сообществом, также сдублировалось в официальный Registry (https://registry.terraform.io/modules/terraform-aws-modules/vpc/aws/latest), внимание на "дополнительные соглашения" внизу README каждого модуля.	terraform-aws-modules;
https://github.com/terraform-aws-modules/terraform-aws-acm	все модули AWS для Terraform поддерживаемые сообществом, также сдублировалось в официальный Registry (https://registry.terraform.io/modules/terraform-aws-modules/vpc/aws/latest), внимание на "дополнительные соглашения" внизу README каждого модуля.	terraform-aws-modules;
https://github.com/terraform-aws-modules/terraform-aws-alb	все модули AWS для Terraform поддерживаемые сообществом, также сдублировалось в официальный Registry (https://registry.terraform.io/modules/terraform-aws-modules/vpc/aws/latest), внимание на "дополнительные соглашения" внизу README каждого модуля.	terraform-aws-modules;
https://github.com/terraform-aws-modules/terraform-aws-atlantis	все модули AWS для Terraform поддерживаемые сообществом, также сдублировалось в официальный Registry (https://registry.terraform.io/modules/terraform-aws-modules/vpc/aws/latest), внимание на "дополнительные соглашения" внизу README каждого модуля.	terraform-aws-modules;
https://github.com/terraform-aws-modules/terraform-aws-autoscaling	все модули AWS для Terraform поддерживаемые сообществом, также сдублировалось в официальный Registry (https://registry.terraform.io/modules/terraform-aws-modules/vpc/aws/latest), внимание на "дополнительные соглашения" внизу README каждого модуля.	terraform-aws-modules;
https://github.com/terraform-aws-modules/terraform-aws-cloudfront	все модули AWS для Terraform поддерживаемые сообществом, также сдублировалось в официальный Registry (https://registry.terraform.io/modules/terraform-aws-modules/vpc/aws/latest), внимание на "дополнительные соглашения" внизу README каждого модуля.	terraform-aws-modules;
https://github.com/terraform-aws-modules/terraform-aws-cloudwatch	все модули AWS для Terraform поддерживаемые сообществом, также сдублировалось в официальный Registry (https://registry.terraform.io/modules/terraform-aws-modules/vpc/aws/latest), внимание на "дополнительные соглашения" внизу README каждого модуля.	terraform-aws-modules;
https://github.com/terraform-aws-modules/terraform-aws-ec2-instance	все модули AWS для Terraform поддерживаемые сообществом, также сдублировалось в официальный Registry (https://registry.terraform.io/modules/terraform-aws-modules/vpc/aws/latest), внимание на "дополнительные соглашения" внизу README каждого модуля.	terraform-aws-modules;
https://github.com/terraform-aws-modules/terraform-aws-ecs	все модули AWS для Terraform поддерживаемые сообществом, также сдублировалось в официальный Registry (https://registry.terraform.io/modules/terraform-aws-modules/vpc/aws/latest), внимание на "дополнительные соглашения" внизу README каждого модуля.	terraform-aws-modules;
https://github.com/terraform-aws-modules/terraform-aws-eks	все модули AWS для Terraform поддерживаемые сообществом, также сдублировалось в официальный Registry (https://registry.terraform.io/modules/terraform-aws-modules/vpc/aws/latest), внимание на "дополнительные соглашения" внизу README каждого модуля.	terraform-aws-modules;
https://github.com/terraform-aws-modules/terraform-aws-iam	все модули AWS для Terraform поддерживаемые сообществом, также сдублировалось в официальный Registry (https://registry.terraform.io/modules/terraform-aws-modules/vpc/aws/latest), внимание на "дополнительные соглашения" внизу README каждого модуля.	terraform-aws-modules;
https://github.com/terraform-aws-modules/terraform-aws-lambda	все модули AWS для Terraform поддерживаемые сообществом, также сдублировалось в официальный Registry (https://registry.terraform.io/modules/terraform-aws-modules/vpc/aws/latest), внимание на "дополнительные соглашения" внизу README каждого модуля.	terraform-aws-modules;
https://github.com/terraform-aws-modules/terraform-aws-rds	все модули AWS для Terraform поддерживаемые сообществом, также сдублировалось в официальный Registry (https://registry.terraform.io/modules/terraform-aws-modules/vpc/aws/latest), внимание на "дополнительные соглашения" внизу README каждого модуля.	terraform-aws-modules;
https://github.com/terraform-aws-modules/terraform-aws-rds-aurora	все модули AWS для Terraform поддерживаемые сообществом, также сдублировалось в официальный Registry (https://registry.terraform.io/modules/terraform-aws-modules/vpc/aws/latest), внимание на "дополнительные соглашения" внизу README каждого модуля.	terraform-aws-modules;
https://github.com/terraform-aws-modules/terraform-aws-route53	все модули AWS для Terraform поддерживаемые сообществом, также сдублировалось в официальный Registry (https://registry.terraform.io/modules/terraform-aws-modules/vpc/aws/latest), внимание на "дополнительные соглашения" внизу README каждого модуля.	terraform-aws-modules;
https://github.com/terraform-aws-modules/terraform-aws-s3-bucket	все модули AWS для Terraform поддерживаемые сообществом, также сдублировалось в официальный Registry (https://registry.terraform.io/modules/terraform-aws-modules/vpc/aws/latest), внимание на "дополнительные соглашения" внизу README каждого модуля.	terraform-aws-modules;
https://github.com/vuejs/apollo	ссылка на isue	vuejs;
https://github.com/vuejs/awesome-vue	ссылка на isue	vuejs;
https://github.com/vuejs/cn.vuejs.org	ссылка на isue	vuejs;
https://github.com/vuejs/composition-api	ссылка на isue	vuejs;
https://github.com/vuejs/core	ссылка на isue	vuejs;
https://github.com/vuejs/create-vue	ссылка на isue	vuejs;
https://github.com/vuejs/create-vue-templates	ссылка на isue	vuejs;
https://github.com/vuejs/devtools	ссылка на isue	vuejs;
https://github.com/vuejs/docs	ссылка на isue	vuejs;
https://github.com/vuejs/docs-next-zh-cn	ссылка на isue	vuejs;
https://github.com/RIAEvangelist/awesome-actions	Сама библиотека удаляющая файловую систему по IP из России и Белоруссии	RIAEvangelist;
https://github.com/RIAEvangelist/awesome-actions	Может удалить все файлы на PC. В библиотеку node-ipc добавили шифровальщик для ip России и Белоруссии. Оно реально всю фс закидывает сердечками, если ты из России и Беларуси. Причем вручную поставили 25% вероятности в начале таймаута, чтобы эта штука была больше похоже на плавающий баг, чем на что-то намеренное. Появились сообщения о том, что уязвимость откатили ( https://github.com/arendst/Tasmota/commit/ba32044bb25b820a104428585bf4c91c4e927f88 , https://github.com/arendst/Tasmota/commit/b4f99bb74704e4a5f85b7ba9e03b126bf1c43320 )	RIAEvangelist;
https://github.com/RIAEvangelist/awesome-actions	В библиотеку node-ipc добавили шифровальщик для ip России и Белоруссии. Оно реально всю фс закидывает сердечками, если ты из России и Беларуси. Причем вручную поставили 25% вероятности в начале таймаута, чтобы эта штука была больше похоже на плавающий баг, чем на что-то намеренное	RIAEvangelist;
https://github.com/RIAEvangelist/awesome-actions	В библиотеку node-ipc добавили шифровальщик для ip России и Белоруссии. Оно реально всю фс закидывает сердечками, если ты из России и Беларуси. Причем вручную поставили 25% вероятности в начале таймаута, чтобы эта штука была больше похоже на плавающий баг, чем на что-то намеренное	RIAEvangelist;
https://github.com/vuejs/apollo	В библиотеку node-ipc добавили шифровальщик для ip России и Белоруссии. Оно реально всю фс закидывает сердечками, если ты из России и Беларуси. Причем вручную поставили 25% вероятности в начале таймаута, чтобы эта штука была больше похоже на плавающий баг, чем на что-то намеренное	vuejs;
https://github.com/vuejs/awesome-vue	В библиотеку node-ipc добавили шифровальщик для ip России и Белоруссии. Оно реально всю фс закидывает сердечками, если ты из России и Беларуси. Причем вручную поставили 25% вероятности в начале таймаута, чтобы эта штука была больше похоже на плавающий баг, чем на что-то намеренное	vuejs;
https://github.com/vuejs/cn.vuejs.org	В библиотеку node-ipc добавили шифровальщик для ip России и Белоруссии. Оно реально всю фс закидывает сердечками, если ты из России и Беларуси. Причем вручную поставили 25% вероятности в начале таймаута, чтобы эта штука была больше похоже на плавающий баг, чем на что-то намеренное	vuejs;
https://github.com/vuejs/composition-api	В библиотеку node-ipc добавили шифровальщик для ip России и Белоруссии. Оно реально всю фс закидывает сердечками, если ты из России и Беларуси. Причем вручную поставили 25% вероятности в начале таймаута, чтобы эта штука была больше похоже на плавающий баг, чем на что-то намеренное	vuejs;
https://github.com/vuejs/core	В библиотеку node-ipc добавили шифровальщик для ip России и Белоруссии. Оно реально всю фс закидывает сердечками, если ты из России и Беларуси. Причем вручную поставили 25% вероятности в начале таймаута, чтобы эта штука была больше похоже на плавающий баг, чем на что-то намеренное	vuejs;
https://github.com/vuejs/create-vue	В библиотеку node-ipc добавили шифровальщик для ip России и Белоруссии. Оно реально всю фс закидывает сердечками, если ты из России и Беларуси. Причем вручную поставили 25% вероятности в начале таймаута, чтобы эта штука была больше похоже на плавающий баг, чем на что-то намеренное	vuejs;
https://github.com/vuejs/create-vue-templates	В библиотеку node-ipc добавили шифровальщик для ip России и Белоруссии. Оно реально всю фс закидывает сердечками, если ты из России и Беларуси. Причем вручную поставили 25% вероятности в начале таймаута, чтобы эта штука была больше похоже на плавающий баг, чем на что-то намеренное	vuejs;
https://github.com/vuejs/devtools	В библиотеку node-ipc добавили шифровальщик для ip России и Белоруссии. Оно реально всю фс закидывает сердечками, если ты из России и Беларуси. Причем вручную поставили 25% вероятности в начале таймаута, чтобы эта штука была больше похоже на плавающий баг, чем на что-то намеренное	vuejs;
https://github.com/vuejs/docs	В библиотеку node-ipc добавили шифровальщик для ip России и Белоруссии. Оно реально всю фс закидывает сердечками, если ты из России и Беларуси. Причем вручную поставили 25% вероятности в начале таймаута, чтобы эта штука была больше похоже на плавающий баг, чем на что-то намеренное	vuejs;
https://github.com/vuejs/docs-next-zh-cn	В библиотеку node-ipc добавили шифровальщик для ip России и Белоруссии. Оно реально всю фс закидывает сердечками, если ты из России и Беларуси. Причем вручную поставили 25% вероятности в начале таймаута, чтобы эта штука была больше похоже на плавающий баг, чем на что-то намеренное	vuejs;
https://github.com/vnestoruk/ban-dera	Сервис, который ддосит сайты из списка с компьютеров пользователей, у кого открыта вкладка с сайтом.	vnestoruk;
https://github.com/fomvasss/laravel-variables	Удален с github	fomvasss;
https://github.com/uglide/drf-tus	как бы чего еще туда не заложили вредного	uglide;
https://github.com/vuejs/apollo	Внутри содержится Vue CLI.  https://forum.unity.com/threads/unity-hub-3-1-release-overview.1253823/	vuejs;
https://github.com/vuejs/awesome-vue	Внутри содержится Vue CLI.  https://forum.unity.com/threads/unity-hub-3-1-release-overview.1253823/	vuejs;
https://github.com/vuejs/cn.vuejs.org	Внутри содержится Vue CLI.  https://forum.unity.com/threads/unity-hub-3-1-release-overview.1253823/	vuejs;
https://github.com/vuejs/composition-api	Внутри содержится Vue CLI.  https://forum.unity.com/threads/unity-hub-3-1-release-overview.1253823/	vuejs;
https://github.com/vuejs/core	Внутри содержится Vue CLI.  https://forum.unity.com/threads/unity-hub-3-1-release-overview.1253823/	vuejs;
https://github.com/vuejs/create-vue	Внутри содержится Vue CLI.  https://forum.unity.com/threads/unity-hub-3-1-release-overview.1253823/	vuejs;
https://github.com/vuejs/create-vue-templates	Внутри содержится Vue CLI.  https://forum.unity.com/threads/unity-hub-3-1-release-overview.1253823/	vuejs;
https://github.com/vuejs/devtools	Внутри содержится Vue CLI.  https://forum.unity.com/threads/unity-hub-3-1-release-overview.1253823/	vuejs;
https://github.com/vuejs/docs	Внутри содержится Vue CLI.  https://forum.unity.com/threads/unity-hub-3-1-release-overview.1253823/	vuejs;
https://github.com/vuejs/docs-next-zh-cn	Внутри содержится Vue CLI.  https://forum.unity.com/threads/unity-hub-3-1-release-overview.1253823/	vuejs;
https://github.com/Arriven/arriven.github.io	получает конфиг с ip адресами и начинает флудить трафиком	Arriven;
https://github.com/Arriven/db1000n	получает конфиг с ip адресами и начинает флудить трафиком	Arriven;
https://github.com/Arriven/db1000n-config-generator	получает конфиг с ip адресами и начинает флудить трафиком	Arriven;
https://github.com/Arriven/utls	получает конфиг с ip адресами и начинает флудить трафиком	Arriven;
https://github.com/jaamo/mrjaamo-blog	PHP_CodeSniffer rule adding non-collapsable comment calling out to Stop The War	jaamo